--
-- PostgreSQL database dump
--

-- Dumped from database version 12.12 (Ubuntu 12.12-0ubuntu0.20.04.1)
-- Dumped by pg_dump version 12.12 (Ubuntu 12.12-0ubuntu0.20.04.1)

SET statement_timeout = 0;
SET lock_timeout = 0;
SET idle_in_transaction_session_timeout = 0;
SET client_encoding = 'UTF8';
SET standard_conforming_strings = on;
SELECT pg_catalog.set_config('search_path', '', false);
SET check_function_bodies = false;
SET xmloption = content;
SET client_min_messages = warning;
SET row_security = off;

SET default_tablespace = '';

SET default_table_access_method = heap;

--
-- Name: ar_internal_metadata; Type: TABLE; Schema: public; Owner: postgres
--

CREATE TABLE public.ar_internal_metadata (
    key character varying NOT NULL,
    value character varying,
    created_at timestamp(6) without time zone NOT NULL,
    updated_at timestamp(6) without time zone NOT NULL
);


ALTER TABLE public.ar_internal_metadata OWNER TO postgres;

--
-- Name: award_details; Type: TABLE; Schema: public; Owner: postgres
--

CREATE TABLE public.award_details (
    id bigint NOT NULL,
    ticket_id integer,
    amount double precision,
    status integer DEFAULT 0 NOT NULL,
    award_id bigint,
    created_at timestamp(6) without time zone NOT NULL,
    updated_at timestamp(6) without time zone NOT NULL,
    reaward boolean DEFAULT false,
    bet_id integer,
    response jsonb
);


ALTER TABLE public.award_details OWNER TO postgres;

--
-- Name: award_details_id_seq; Type: SEQUENCE; Schema: public; Owner: postgres
--

CREATE SEQUENCE public.award_details_id_seq
    START WITH 1
    INCREMENT BY 1
    NO MINVALUE
    NO MAXVALUE
    CACHE 1;


ALTER TABLE public.award_details_id_seq OWNER TO postgres;

--
-- Name: award_details_id_seq; Type: SEQUENCE OWNED BY; Schema: public; Owner: postgres
--

ALTER SEQUENCE public.award_details_id_seq OWNED BY public.award_details.id;


--
-- Name: awards; Type: TABLE; Schema: public; Owner: postgres
--

CREATE TABLE public.awards (
    id bigint NOT NULL,
    number character varying,
    draw_id integer,
    info_re_award jsonb,
    status integer DEFAULT 0 NOT NULL,
    created_at timestamp(6) without time zone NOT NULL,
    updated_at timestamp(6) without time zone NOT NULL
);


ALTER TABLE public.awards OWNER TO postgres;

--
-- Name: awards_id_seq; Type: SEQUENCE; Schema: public; Owner: postgres
--

CREATE SEQUENCE public.awards_id_seq
    START WITH 1
    INCREMENT BY 1
    NO MINVALUE
    NO MAXVALUE
    CACHE 1;


ALTER TABLE public.awards_id_seq OWNER TO postgres;

--
-- Name: awards_id_seq; Type: SEQUENCE OWNED BY; Schema: public; Owner: postgres
--

ALTER SEQUENCE public.awards_id_seq OWNED BY public.awards.id;


--
-- Name: bets; Type: TABLE; Schema: public; Owner: postgres
--

CREATE TABLE public.bets (
    id bigint NOT NULL,
    ticket_id bigint NOT NULL,
    amount double precision,
    prize double precision,
    played boolean,
    bet_statu_id integer,
    lotery_id integer,
    number character varying,
    player_id bigint NOT NULL,
    created_at timestamp(6) without time zone NOT NULL,
    updated_at timestamp(6) without time zone NOT NULL,
    remote_bet_id integer
);


ALTER TABLE public.bets OWNER TO postgres;

--
-- Name: bets_id_seq; Type: SEQUENCE; Schema: public; Owner: postgres
--

CREATE SEQUENCE public.bets_id_seq
    START WITH 1
    INCREMENT BY 1
    NO MINVALUE
    NO MAXVALUE
    CACHE 1;


ALTER TABLE public.bets_id_seq OWNER TO postgres;

--
-- Name: bets_id_seq; Type: SEQUENCE OWNED BY; Schema: public; Owner: postgres
--

ALTER SEQUENCE public.bets_id_seq OWNED BY public.bets.id;


--
-- Name: integrators; Type: TABLE; Schema: public; Owner: postgres
--

CREATE TABLE public.integrators (
    id bigint NOT NULL,
    name character varying,
    phone character varying,
    address character varying,
    email character varying,
    apikey character varying,
    status boolean,
    product_settings jsonb,
    setting_apis jsonb,
    created_at timestamp(6) without time zone NOT NULL,
    updated_at timestamp(6) without time zone NOT NULL,
    users jsonb DEFAULT '{}'::jsonb,
    legal_name character varying,
    dni character varying
);


ALTER TABLE public.integrators OWNER TO postgres;

--
-- Name: integrators_id_seq; Type: SEQUENCE; Schema: public; Owner: postgres
--

CREATE SEQUENCE public.integrators_id_seq
    START WITH 1
    INCREMENT BY 1
    NO MINVALUE
    NO MAXVALUE
    CACHE 1;


ALTER TABLE public.integrators_id_seq OWNER TO postgres;

--
-- Name: integrators_id_seq; Type: SEQUENCE OWNED BY; Schema: public; Owner: postgres
--

ALTER SEQUENCE public.integrators_id_seq OWNED BY public.integrators.id;


--
-- Name: lottery_setups; Type: TABLE; Schema: public; Owner: postgres
--

CREATE TABLE public.lottery_setups (
    id bigint NOT NULL,
    mmt double precision,
    mpj double precision,
    jpt double precision,
    mt double precision,
    created_at timestamp(6) without time zone NOT NULL,
    updated_at timestamp(6) without time zone NOT NULL
);


ALTER TABLE public.lottery_setups OWNER TO postgres;

--
-- Name: lottery_setups_id_seq; Type: SEQUENCE; Schema: public; Owner: postgres
--

CREATE SEQUENCE public.lottery_setups_id_seq
    START WITH 1
    INCREMENT BY 1
    NO MINVALUE
    NO MAXVALUE
    CACHE 1;


ALTER TABLE public.lottery_setups_id_seq OWNER TO postgres;

--
-- Name: lottery_setups_id_seq; Type: SEQUENCE OWNED BY; Schema: public; Owner: postgres
--

ALTER SEQUENCE public.lottery_setups_id_seq OWNED BY public.lottery_setups.id;


--
-- Name: players; Type: TABLE; Schema: public; Owner: postgres
--

CREATE TABLE public.players (
    id bigint NOT NULL,
    email character varying,
    cedula character varying,
    player_id character varying,
    company character varying,
    site character varying,
    integrator_id integer NOT NULL,
    created_at timestamp(6) without time zone NOT NULL,
    updated_at timestamp(6) without time zone NOT NULL,
    username character varying,
    password character varying,
    token character varying,
    currency character varying
);


ALTER TABLE public.players OWNER TO postgres;

--
-- Name: players_id_seq; Type: SEQUENCE; Schema: public; Owner: postgres
--

CREATE SEQUENCE public.players_id_seq
    START WITH 1
    INCREMENT BY 1
    NO MINVALUE
    NO MAXVALUE
    CACHE 1;


ALTER TABLE public.players_id_seq OWNER TO postgres;

--
-- Name: players_id_seq; Type: SEQUENCE OWNED BY; Schema: public; Owner: postgres
--

ALTER SEQUENCE public.players_id_seq OWNED BY public.players.id;


--
-- Name: products; Type: TABLE; Schema: public; Owner: postgres
--

CREATE TABLE public.products (
    id bigint NOT NULL,
    name character varying,
    rules character varying,
    url character varying,
    type_product integer,
    created_at timestamp(6) without time zone NOT NULL,
    updated_at timestamp(6) without time zone NOT NULL
);


ALTER TABLE public.products OWNER TO postgres;

--
-- Name: products_id_seq; Type: SEQUENCE; Schema: public; Owner: postgres
--

CREATE SEQUENCE public.products_id_seq
    START WITH 1
    INCREMENT BY 1
    NO MINVALUE
    NO MAXVALUE
    CACHE 1;


ALTER TABLE public.products_id_seq OWNER TO postgres;

--
-- Name: products_id_seq; Type: SEQUENCE OWNED BY; Schema: public; Owner: postgres
--

ALTER SEQUENCE public.products_id_seq OWNED BY public.products.id;


--
-- Name: schema_migrations; Type: TABLE; Schema: public; Owner: postgres
--

CREATE TABLE public.schema_migrations (
    version character varying NOT NULL
);


ALTER TABLE public.schema_migrations OWNER TO postgres;

--
-- Name: tickets; Type: TABLE; Schema: public; Owner: postgres
--

CREATE TABLE public.tickets (
    id bigint NOT NULL,
    number integer,
    confirm character varying,
    total_amount double precision,
    cant_bets integer,
    remote_user_id integer,
    ticket_status_id integer,
    prize double precision,
    payed boolean,
    remote_center_id integer,
    remote_agency_id integer,
    remote_group_id integer,
    remote_master_center_id integer,
    date_pay integer,
    security character varying,
    player_id bigint NOT NULL,
    created_at timestamp(6) without time zone NOT NULL,
    updated_at timestamp(6) without time zone NOT NULL,
    ticket_string character varying,
    response jsonb
);


ALTER TABLE public.tickets OWNER TO postgres;

--
-- Name: tickets_id_seq; Type: SEQUENCE; Schema: public; Owner: postgres
--

CREATE SEQUENCE public.tickets_id_seq
    START WITH 1
    INCREMENT BY 1
    NO MINVALUE
    NO MAXVALUE
    CACHE 1;


ALTER TABLE public.tickets_id_seq OWNER TO postgres;

--
-- Name: tickets_id_seq; Type: SEQUENCE OWNED BY; Schema: public; Owner: postgres
--

ALTER SEQUENCE public.tickets_id_seq OWNED BY public.tickets.id;


--
-- Name: award_details id; Type: DEFAULT; Schema: public; Owner: postgres
--

ALTER TABLE ONLY public.award_details ALTER COLUMN id SET DEFAULT nextval('public.award_details_id_seq'::regclass);


--
-- Name: awards id; Type: DEFAULT; Schema: public; Owner: postgres
--

ALTER TABLE ONLY public.awards ALTER COLUMN id SET DEFAULT nextval('public.awards_id_seq'::regclass);


--
-- Name: bets id; Type: DEFAULT; Schema: public; Owner: postgres
--

ALTER TABLE ONLY public.bets ALTER COLUMN id SET DEFAULT nextval('public.bets_id_seq'::regclass);


--
-- Name: integrators id; Type: DEFAULT; Schema: public; Owner: postgres
--

ALTER TABLE ONLY public.integrators ALTER COLUMN id SET DEFAULT nextval('public.integrators_id_seq'::regclass);


--
-- Name: lottery_setups id; Type: DEFAULT; Schema: public; Owner: postgres
--

ALTER TABLE ONLY public.lottery_setups ALTER COLUMN id SET DEFAULT nextval('public.lottery_setups_id_seq'::regclass);


--
-- Name: players id; Type: DEFAULT; Schema: public; Owner: postgres
--

ALTER TABLE ONLY public.players ALTER COLUMN id SET DEFAULT nextval('public.players_id_seq'::regclass);


--
-- Name: products id; Type: DEFAULT; Schema: public; Owner: postgres
--

ALTER TABLE ONLY public.products ALTER COLUMN id SET DEFAULT nextval('public.products_id_seq'::regclass);


--
-- Name: tickets id; Type: DEFAULT; Schema: public; Owner: postgres
--

ALTER TABLE ONLY public.tickets ALTER COLUMN id SET DEFAULT nextval('public.tickets_id_seq'::regclass);


--
-- Data for Name: ar_internal_metadata; Type: TABLE DATA; Schema: public; Owner: postgres
--

COPY public.ar_internal_metadata (key, value, created_at, updated_at) FROM stdin;
environment	development	2021-08-17 20:35:15.657478	2021-08-23 19:37:30.613751
\.


--
-- Data for Name: award_details; Type: TABLE DATA; Schema: public; Owner: postgres
--

COPY public.award_details (id, ticket_id, amount, status, award_id, created_at, updated_at, reaward, bet_id, response) FROM stdin;
21	36	14000000	0	12	2021-08-25 00:21:58.719341	2021-08-25 00:21:58.719342	f	4937203	\N
62	81	45	2	43	2022-01-05 19:25:06.251394	2022-01-05 19:41:38.933116	f	18558205	\N
64	84	3500	0	44	2022-01-05 19:58:42.327676	2022-01-05 19:58:42.327677	f	18558208	\N
23	35	700000000	0	11	2021-08-25 00:43:56.775623	2021-08-25 00:43:56.775623	t	4937202	\N
65	85	1800	0	45	2022-01-05 20:17:09.583732	2022-01-05 20:17:09.583734	f	18558209	\N
20	35	700000000	2	11	2021-08-25 00:21:58.701964	2021-08-25 00:43:57.433217	f	4937202	\N
66	74	1400	0	46	2022-01-05 20:26:10.135408	2022-01-05 20:26:10.135409	f	18558210	\N
49	66	120	3	39	2021-12-31 00:08:15.696507	2021-12-31 01:45:45.454358	f	18558173	\N
24	41	14000000	0	10	2021-08-25 01:16:48.423528	2021-08-25 01:16:48.423529	t	4937297	\N
22	40	1400000	2	10	2021-08-25 00:43:56.756242	2021-08-25 01:16:48.827407	t	4937262	\N
19	33	140000000	2	10	2021-08-25 00:21:58.657145	2021-08-25 01:16:49.083749	f	4937200	\N
25	42	4050235000	0	13	2021-08-26 14:09:25.989585	2021-08-26 14:09:25.989587	f	4938604	\N
28	45	14000000	0	16	2021-08-26 14:27:18.468414	2021-08-26 14:27:18.468416	f	4938661	\N
67	75	70000	0	47	2022-01-05 20:34:22.694054	2022-01-05 20:34:22.694055	f	18558211	\N
29	45	14000000	0	14	2021-08-26 14:27:18.480419	2021-08-26 14:27:18.480419	t	4938724	\N
68	94	700	0	48	2022-01-06 13:51:30.320678	2022-01-06 13:51:30.320679	f	18558225	\N
30	45	14000000	0	15	2021-08-26 14:27:18.491462	2021-08-26 14:27:18.491463	t	4938787	\N
31	45	14000000	0	17	2021-08-26 14:27:18.499955	2021-08-26 14:27:18.499955	f	4938850	\N
32	45	14000000	0	18	2021-08-26 14:27:18.508916	2021-08-26 14:27:18.508917	f	4938913	\N
33	45	14000000	0	19	2021-08-26 14:27:18.51763	2021-08-26 14:27:18.517631	f	4938976	\N
34	45	14000000	0	20	2021-08-26 14:27:18.525172	2021-08-26 14:27:18.525173	f	4939039	\N
35	45	14000000	0	21	2021-08-26 14:27:18.532804	2021-08-26 14:27:18.532804	f	4939102	\N
36	45	14000000	0	22	2021-08-26 14:27:18.540248	2021-08-26 14:27:18.540248	f	4939165	\N
37	45	14000000	0	23	2021-08-26 14:27:18.547439	2021-08-26 14:27:18.547439	f	4939228	\N
26	43	1400000000	4	14	2021-08-26 14:13:14.061487	2021-08-26 14:27:18.820759	f	4938605	\N
27	44	700000000	2	15	2021-08-26 14:15:02.683467	2021-08-26 14:27:19.415889	f	4938606	\N
38	27	50000000	0	24	2021-08-27 02:38:30.184157	2021-08-27 02:38:30.184158	f	4937112	\N
39	49	1400000	0	25	2021-08-27 18:07:26.054289	2021-08-27 18:07:26.05429	f	4939315	\N
40	50	722400000	0	26	2021-08-27 18:15:37.572783	2021-08-27 18:15:37.572784	f	4939316	\N
69	95	5	2	49	2022-01-06 14:12:14.881646	2022-01-07 10:51:58.198189	f	18558227	\N
43	59	3000	0	37	2021-12-30 22:55:48.910161	2021-12-30 22:55:48.910162	t	18558165	\N
42	57	6000	2	37	2021-12-30 22:53:22.880072	2021-12-30 22:55:49.463053	t	18558163	\N
41	57	6000	2	37	2021-12-30 22:50:45.869644	2021-12-30 22:55:49.662672	f	18558163	\N
154	157	0	2	64	2022-03-17 00:00:00	2022-03-17 16:05:45.224299	f	26061106	\N
70	95	70	2	49	2022-01-06 14:12:14.894083	2022-01-07 10:51:58.40281	t	18558228	\N
18	27	50000000	0	9	2021-08-23 21:18:25.364862	2021-08-23 21:18:25.364864	t	4937112	\N
16	27	20000000	2	9	2021-08-23 21:01:28.589497	2021-08-23 21:18:25.708596	t	4937112	\N
17	27	10000000	2	9	2021-08-23 21:11:04.847983	2021-08-23 21:18:25.901839	t	4937112	\N
12	27	5600000000	4	9	2021-08-23 20:09:20.869697	2021-08-23 21:18:25.984914	f	4937112	\N
13	27	5600000000	4	9	2021-08-23 20:26:26.801535	2021-08-23 21:18:26.091394	t	4937112	\N
14	27	5600000000	4	9	2021-08-23 20:30:05.365124	2021-08-23 21:18:26.164106	t	4937112	\N
15	27	560000000	4	9	2021-08-23 20:48:54.384334	2021-08-23 21:18:26.237446	t	4937112	\N
78	98	700	2	49	2022-01-06 00:00:00	2022-01-07 10:51:58.604744	t	18558234	\N
45	64	60000	0	38	2021-12-30 23:40:46.273635	2021-12-30 23:40:46.273636	t	18558170	\N
44	62	2880	2	38	2021-12-30 23:14:21.867455	2021-12-30 23:40:53.02042	f	18558168	\N
72	109	30	0	50	2022-01-06 16:39:27.544306	2022-01-06 16:39:27.544306	f	18558431	\N
73	110	700	0	51	2022-01-06 16:47:55.612456	2022-01-06 16:47:55.612456	f	18558437	\N
58	71	60000	0	39	2021-12-31 01:52:58.658889	2021-12-31 01:52:58.65889	t	18558190	\N
54	67	3000	2	39	2021-12-31 01:33:06.119959	2021-12-31 01:52:59.097322	t	18558174	\N
55	68	42000	4	39	2021-12-31 01:33:06.120771	2021-12-31 01:52:59.171073	t	18558179	\N
56	69	12000	2	39	2021-12-31 01:33:06.121502	2021-12-31 01:52:59.392225	t	18558184	\N
57	70	12000	4	39	2021-12-31 01:45:43.850651	2021-12-31 01:52:59.468784	t	18558189	\N
50	63	60	2	39	2021-12-31 00:08:15.703926	2021-12-31 01:52:59.660047	t	18558169	\N
51	65	60000	4	39	2021-12-31 00:08:15.704906	2021-12-31 01:52:59.739858	t	18558171	\N
52	66	120	2	39	2021-12-31 00:08:15.705653	2021-12-31 01:52:59.960193	t	18558172	\N
53	66	120	2	39	2021-12-31 00:08:15.706378	2021-12-31 01:53:00.18561	t	18558173	\N
46	63	60	2	39	2021-12-31 00:08:15.693949	2021-12-31 01:53:00.407415	f	18558169	\N
47	65	60000	4	39	2021-12-31 00:08:15.694818	2021-12-31 01:53:00.475941	f	18558171	\N
155	157	0	2	64	2022-03-17 00:00:00	2022-03-17 16:05:45.447786	t	26061107	\N
80	98	700	0	49	2022-01-06 00:00:00	2022-01-06 00:00:00	t	18558234	\N
76	111	5	0	52	2022-01-06 17:00:53.840188	2022-01-06 17:00:53.840189	t	18558440	\N
74	111	5	2	52	2022-01-06 17:00:53.822186	2022-01-06 17:00:54.124278	f	18558438	\N
75	111	70	2	52	2022-01-06 17:00:53.832649	2022-01-06 17:00:54.391449	t	18558439	\N
77	85	1800	0	53	2022-01-06 20:27:22.013185	2022-01-06 20:27:22.013186	f	18558209	\N
79	98	70	2	49	2022-01-06 00:00:00	2022-01-07 10:51:58.793919	t	18558233	\N
48	66	120	2	39	2021-12-31 00:08:15.695673	2021-12-31 01:53:00.745554	f	18558172	\N
59	73	600	0	40	2022-01-04 20:01:23.637574	2022-01-04 20:01:23.637576	f	18558193	\N
60	77	38664	0	41	2022-01-05 14:18:24.214843	2022-01-05 14:18:24.214843	f	18558194	\N
61	78	140	0	42	2022-01-05 18:59:04.928286	2022-01-05 18:59:04.928286	f	18558201	\N
81	98	70	0	49	2022-01-06 00:00:00	2022-01-06 00:00:00	t	18558233	\N
63	82	3500	0	43	2022-01-05 19:41:38.66613	2022-01-05 19:41:38.66613	t	18558206	\N
82	140	30	0	54	2022-03-04 00:00:00	2022-03-04 00:00:00	f	24853176	\N
83	141	0	0	54	2022-03-04 00:00:00	2022-03-04 00:00:00	f	24853177	\N
71	95	5	2	49	2022-01-06 14:12:14.904786	2022-01-07 10:51:57.994034	t	18558229	\N
84	145	3000	0	55	2022-03-17 00:00:00	2022-03-17 00:00:00	f	26061047	\N
85	146	3000	0	56	2022-03-17 00:00:00	2022-03-17 00:00:00	f	26061048	\N
156	157	300	0	64	2022-03-17 00:00:00	2022-03-17 00:00:00	t	26061105	\N
158	158	3000	2	65	2022-03-17 00:00:00	2022-03-17 16:07:51.856082	t	26061110	\N
157	158	0	2	65	2022-03-17 00:00:00	2022-03-17 16:08:20.810802	f	26061109	\N
159	158	0	0	65	2022-03-17 00:00:00	2022-03-17 00:00:00	t	26061108	\N
161	159	60000	2	66	2022-03-17 00:00:00	2022-03-17 16:10:50.644735	t	26061112	\N
202	162	30	0	69	2022-03-23 00:00:00	2022-03-23 00:00:00	f	26061153	\N
160	159	6000	2	66	2022-03-17 00:00:00	2022-03-17 16:11:22.42841	f	26061111	\N
306	174	7.5	0	73	2022-03-23 00:00:00	2022-03-23 00:00:00	f	26061257	\N
108	155	0	2	62	2022-03-17 00:00:00	2022-03-17 15:43:04.779382	t	26061065	\N
109	155	0	2	62	2022-03-17 00:00:00	2022-03-17 15:43:05.060393	t	26061066	\N
107	155	0	2	62	2022-03-17 00:00:00	2022-03-17 15:43:05.350914	f	26061066	\N
106	155	0	2	62	2022-03-17 00:00:00	2022-03-17 15:43:05.644312	f	26061065	\N
110	155	300	2	62	2022-03-17 00:00:00	2022-03-17 15:43:05.858203	t	26061065	\N
111	155	0	2	62	2022-03-17 00:00:00	2022-03-17 15:43:06.09148	t	26061066	\N
162	159	0	0	66	2022-03-17 00:00:00	2022-03-17 00:00:00	t	26061113	\N
95	148	0	0	57	2022-03-17 00:00:00	2022-03-17 00:00:00	t	26061054	\N
86	147	3000	2	57	2022-03-17 00:00:00	2022-03-17 15:17:48.35921	f	26061049	\N
87	147	0	2	57	2022-03-17 00:00:00	2022-03-17 15:17:48.550648	t	26061050	\N
89	147	0	2	57	2022-03-17 00:00:00	2022-03-17 15:17:48.751788	t	26061052	\N
90	148	0	2	57	2022-03-17 00:00:00	2022-03-17 15:17:48.924483	t	26061055	\N
91	148	0	2	57	2022-03-17 00:00:00	2022-03-17 15:17:49.133184	t	26061056	\N
92	148	0	2	57	2022-03-17 00:00:00	2022-03-17 15:17:49.33445	t	26061055	\N
93	148	0	2	57	2022-03-17 00:00:00	2022-03-17 15:17:49.584945	t	26061056	\N
94	148	6	2	57	2022-03-17 00:00:00	2022-03-17 15:17:49.792131	t	26061053	\N
88	147	0	2	57	2022-03-17 00:00:00	2022-03-17 15:17:49.994667	t	26061051	\N
98	149	30	0	58	2022-03-17 00:00:00	2022-03-17 00:00:00	t	26061057	\N
99	149	0	0	58	2022-03-17 00:00:00	2022-03-17 00:00:00	t	26061058	\N
96	149	30	2	58	2022-03-17 00:00:00	2022-03-17 15:25:39.342918	f	26061057	\N
97	149	0	2	58	2022-03-17 00:00:00	2022-03-17 15:25:39.573577	f	26061058	\N
203	163	0	2	70	2022-03-23 00:00:00	2022-03-23 10:53:20.590353	f	26061154	\N
102	151	0	0	59	2022-03-17 00:00:00	2022-03-17 00:00:00	t	26061061	\N
103	152	3000	0	60	2022-03-17 00:00:00	2022-03-17 00:00:00	f	26061062	\N
101	151	0	2	59	2022-03-17 00:00:00	2022-03-17 15:31:33.338617	f	26061060	\N
100	150	0	2	59	2022-03-17 00:00:00	2022-03-17 15:31:33.563212	f	26061059	\N
105	154	0	0	61	2022-03-17 00:00:00	2022-03-17 00:00:00	t	26061064	\N
104	153	300	2	61	2022-03-17 00:00:00	2022-03-17 15:36:55.885075	f	26061063	\N
112	155	300	0	62	2022-03-17 00:00:00	2022-03-17 00:00:00	t	26061065	\N
113	155	0	0	62	2022-03-17 00:00:00	2022-03-17 00:00:00	t	26061066	\N
373	180	30	2	77	2022-03-23 00:00:00	2022-03-23 14:46:34.624414	t	26061362	\N
163	160	0	0	67	2022-03-18 00:00:00	2022-03-18 00:00:00	f	26061114	\N
374	183	30	0	78	2022-03-28 00:00:00	2022-03-28 00:00:00	f	26061405	\N
375	184	300	0	79	2022-03-28 00:00:00	2022-03-28 00:00:00	f	26061406	\N
204	164	0	2	70	2022-03-23 00:00:00	2022-03-23 10:53:18.979262	t	26061155	\N
376	185	300	0	80	2022-03-28 00:00:00	2022-03-28 00:00:00	f	26061407	\N
211	167	0	0	70	2022-03-23 00:00:00	2022-03-23 00:00:00	t	26061160	\N
205	165	30	2	70	2022-03-23 00:00:00	2022-03-23 10:53:19.199119	t	26061156	\N
206	166	0	2	70	2022-03-23 00:00:00	2022-03-23 10:53:19.417844	t	26061157	\N
207	166	0	2	70	2022-03-23 00:00:00	2022-03-23 10:53:19.700375	t	26061158	\N
208	166	30	2	70	2022-03-23 00:00:00	2022-03-23 10:53:19.90255	t	26061159	\N
209	167	0	2	70	2022-03-23 00:00:00	2022-03-23 10:53:20.141955	t	26061161	\N
210	167	30	2	70	2022-03-23 00:00:00	2022-03-23 10:53:20.341393	t	26061162	\N
377	186	60	0	81	2022-03-28 00:00:00	2022-03-28 00:00:00	f	26061409	\N
378	187	15	2	82	2022-03-29 00:00:00	2022-03-29 11:37:32.031539	f	26061411	\N
379	188	30	0	82	2022-03-29 00:00:00	2022-03-29 00:00:00	t	26061421	\N
380	189	3	0	83	2022-03-29 00:00:00	2022-03-29 00:00:00	f	26061422	\N
381	190	3	0	84	2022-03-29 00:00:00	2022-03-29 00:00:00	f	26061425	\N
382	191	1.5	0	85	2022-03-29 00:00:00	2022-03-29 00:00:00	f	26061430	\N
383	192	30	0	88	2022-03-30 00:00:00	2022-03-30 00:00:00	f	26061431	\N
384	193	30	0	89	2022-03-30 00:00:00	2022-03-30 00:00:00	f	26061434	\N
129	156	0	2	63	2022-03-17 00:00:00	2022-03-17 15:50:48.986303	t	26061068	\N
130	156	0	2	63	2022-03-17 00:00:00	2022-03-17 15:50:49.171	t	26061086	\N
131	156	0	2	63	2022-03-17 00:00:00	2022-03-17 15:50:49.377274	t	26061087	\N
132	156	0	2	63	2022-03-17 00:00:00	2022-03-17 15:50:49.595671	t	26061088	\N
147	156	0	2	63	2022-03-17 00:00:00	2022-03-17 15:50:49.81094	t	26061102	\N
198	161	0	2	68	2022-03-18 00:00:00	2022-03-18 17:18:20.433543	t	26061120	\N
199	161	0	2	68	2022-03-18 00:00:00	2022-03-18 17:18:20.69494	t	26061121	\N
166	161	0	2	68	2022-03-18 00:00:00	2022-03-18 17:18:20.919637	t	26061115	\N
182	161	0	2	68	2022-03-18 00:00:00	2022-03-18 17:18:25.30922	t	26061138	\N
183	161	0	2	68	2022-03-18 00:00:00	2022-03-18 17:18:25.586195	t	26061139	\N
184	161	0	2	68	2022-03-18 00:00:00	2022-03-18 17:18:25.9076	t	26061140	\N
185	161	0	2	68	2022-03-18 00:00:00	2022-03-18 17:18:26.128832	t	26061141	\N
174	161	0	2	68	2022-03-18 00:00:00	2022-03-18 17:18:26.394663	t	26061131	\N
175	161	0	2	68	2022-03-18 00:00:00	2022-03-18 17:18:26.594729	t	26061132	\N
176	161	0	2	68	2022-03-18 00:00:00	2022-03-18 17:18:26.920565	t	26061133	\N
164	161	0	2	68	2022-03-18 00:00:00	2022-03-18 17:18:27.139826	f	26061151	\N
165	161	3000	2	68	2022-03-18 00:00:00	2022-03-18 17:18:27.415978	t	26061152	\N
195	161	0	2	68	2022-03-18 00:00:00	2022-03-18 17:18:27.664911	t	26061150	\N
196	161	0	2	68	2022-03-18 00:00:00	2022-03-18 17:18:27.908092	t	26061118	\N
197	161	0	2	68	2022-03-18 00:00:00	2022-03-18 17:18:28.2137	t	26061119	\N
177	161	0	2	68	2022-03-18 00:00:00	2022-03-18 17:18:28.443286	t	26061116	\N
178	161	0	2	68	2022-03-18 00:00:00	2022-03-18 17:18:28.712461	t	26061134	\N
179	161	0	2	68	2022-03-18 00:00:00	2022-03-18 17:18:28.957104	t	26061135	\N
180	161	0	2	68	2022-03-18 00:00:00	2022-03-18 17:18:29.204423	t	26061136	\N
369	177	0	2	75	2022-03-23 00:00:00	2022-03-23 13:46:19.46706	t	26061292	\N
181	161	0	2	68	2022-03-18 00:00:00	2022-03-18 17:18:29.459323	t	26061137	\N
364	177	0	2	75	2022-03-23 00:00:00	2022-03-23 13:46:19.707883	t	26061319	\N
365	177	0	2	75	2022-03-23 00:00:00	2022-03-23 13:46:19.933665	t	26061320	\N
348	177	0	2	75	2022-03-23 00:00:00	2022-03-23 13:46:20.20804	t	26061287	\N
349	177	0	2	75	2022-03-23 00:00:00	2022-03-23 13:46:20.476182	t	26061305	\N
343	177	0	2	75	2022-03-23 00:00:00	2022-03-23 13:46:20.752265	t	26061300	\N
334	177	0	2	75	2022-03-23 00:00:00	2022-03-23 13:46:21.000234	f	26061321	\N
335	177	0	2	75	2022-03-23 00:00:00	2022-03-23 13:46:21.285982	t	26061322	\N
358	177	0	2	75	2022-03-23 00:00:00	2022-03-23 13:46:21.496538	t	26061314	\N
359	177	0	2	75	2022-03-23 00:00:00	2022-03-23 13:46:21.737888	t	26061288	\N
366	177	0	2	75	2022-03-23 00:00:00	2022-03-23 13:46:21.969205	t	26061289	\N
367	177	0	2	75	2022-03-23 00:00:00	2022-03-23 13:46:22.238669	t	26061290	\N
360	177	0	2	75	2022-03-23 00:00:00	2022-03-23 13:46:22.450553	t	26061315	\N
336	176	30	2	75	2022-03-23 00:00:00	2022-03-23 13:46:22.654947	t	26061285	\N
337	177	30	2	75	2022-03-23 00:00:00	2022-03-23 13:46:22.854654	t	26061286	\N
338	177	0	2	75	2022-03-23 00:00:00	2022-03-23 13:46:23.063968	t	26061295	\N
361	177	0	2	75	2022-03-23 00:00:00	2022-03-23 13:46:23.318799	t	26061316	\N
153	156	0	0	63	2022-03-17 00:00:00	2022-03-17 00:00:00	t	26061075	\N
151	156	0	2	63	2022-03-17 00:00:00	2022-03-17 15:50:48.244178	t	26061073	\N
128	156	0	2	63	2022-03-17 00:00:00	2022-03-17 15:50:48.486374	t	26061085	\N
152	156	0	2	63	2022-03-17 00:00:00	2022-03-17 15:50:48.770438	t	26061074	\N
148	156	0	2	63	2022-03-17 00:00:00	2022-03-17 15:50:50.006079	t	26061070	\N
133	156	0	2	63	2022-03-17 00:00:00	2022-03-17 15:50:50.338287	t	26061089	\N
134	156	0	2	63	2022-03-17 00:00:00	2022-03-17 15:50:50.548218	t	26061090	\N
114	156	0	2	63	2022-03-17 00:00:00	2022-03-17 15:50:50.793628	f	26061103	\N
115	156	0	2	63	2022-03-17 00:00:00	2022-03-17 15:50:51.05855	f	26061104	\N
116	156	0	2	63	2022-03-17 00:00:00	2022-03-17 15:50:51.292933	t	26061103	\N
117	156	0	2	63	2022-03-17 00:00:00	2022-03-17 15:50:51.489147	t	26061104	\N
118	156	0	2	63	2022-03-17 00:00:00	2022-03-17 15:50:51.704818	t	26061067	\N
119	156	0	2	63	2022-03-17 00:00:00	2022-03-17 15:50:51.932172	t	26061076	\N
120	156	0	2	63	2022-03-17 00:00:00	2022-03-17 15:50:52.142337	t	26061077	\N
121	156	0	2	63	2022-03-17 00:00:00	2022-03-17 15:50:52.406097	t	26061078	\N
135	156	0	2	63	2022-03-17 00:00:00	2022-03-17 15:50:52.661225	t	26061091	\N
136	156	0	2	63	2022-03-17 00:00:00	2022-03-17 15:50:52.894451	t	26061092	\N
138	156	0	2	63	2022-03-17 00:00:00	2022-03-17 15:50:53.10989	t	26061094	\N
139	156	0	2	63	2022-03-17 00:00:00	2022-03-17 15:50:53.376182	t	26061095	\N
140	156	30	2	63	2022-03-17 00:00:00	2022-03-17 15:50:53.589862	t	26061069	\N
141	156	0	2	63	2022-03-17 00:00:00	2022-03-17 15:50:53.819136	t	26061096	\N
144	156	0	2	63	2022-03-17 00:00:00	2022-03-17 15:50:54.031399	t	26061099	\N
145	156	0	2	63	2022-03-17 00:00:00	2022-03-17 15:50:54.247457	t	26061100	\N
146	156	0	2	63	2022-03-17 00:00:00	2022-03-17 15:50:54.521307	t	26061101	\N
137	156	0	2	63	2022-03-17 00:00:00	2022-03-17 15:50:54.873033	t	26061093	\N
122	156	0	2	63	2022-03-17 00:00:00	2022-03-17 15:50:55.087214	t	26061079	\N
142	156	0	2	63	2022-03-17 00:00:00	2022-03-17 15:50:55.319677	t	26061097	\N
143	156	0	2	63	2022-03-17 00:00:00	2022-03-17 15:50:55.523162	t	26061098	\N
123	156	0	2	63	2022-03-17 00:00:00	2022-03-17 15:50:55.807591	t	26061080	\N
124	156	0	2	63	2022-03-17 00:00:00	2022-03-17 15:50:56.039161	t	26061081	\N
125	156	0	2	63	2022-03-17 00:00:00	2022-03-17 15:50:56.25526	t	26061082	\N
126	156	0	2	63	2022-03-17 00:00:00	2022-03-17 15:50:56.475407	t	26061083	\N
127	156	0	2	63	2022-03-17 00:00:00	2022-03-17 15:50:56.690312	t	26061084	\N
149	156	0	2	63	2022-03-17 00:00:00	2022-03-17 15:50:56.914538	t	26061071	\N
150	156	0	2	63	2022-03-17 00:00:00	2022-03-17 15:50:57.151411	t	26061072	\N
201	161	0	0	68	2022-03-18 00:00:00	2022-03-18 00:00:00	t	26061123	\N
186	161	0	2	68	2022-03-18 00:00:00	2022-03-18 17:18:21.16169	t	26061142	\N
189	161	0	2	68	2022-03-18 00:00:00	2022-03-18 17:18:21.378831	t	26061144	\N
192	161	0	2	68	2022-03-18 00:00:00	2022-03-18 17:18:21.579264	t	26061147	\N
193	161	0	2	68	2022-03-18 00:00:00	2022-03-18 17:18:21.850489	t	26061148	\N
194	161	0	2	68	2022-03-18 00:00:00	2022-03-18 17:18:22.09623	t	26061149	\N
190	161	0	2	68	2022-03-18 00:00:00	2022-03-18 17:18:22.302077	t	26061145	\N
191	161	0	2	68	2022-03-18 00:00:00	2022-03-18 17:18:22.594803	t	26061146	\N
187	161	0	2	68	2022-03-18 00:00:00	2022-03-18 17:18:22.855805	t	26061143	\N
188	161	0	2	68	2022-03-18 00:00:00	2022-03-18 17:18:23.083369	t	26061117	\N
167	161	0	2	68	2022-03-18 00:00:00	2022-03-18 17:18:23.299381	t	26061124	\N
168	161	0	2	68	2022-03-18 00:00:00	2022-03-18 17:18:23.567642	t	26061125	\N
169	161	0	2	68	2022-03-18 00:00:00	2022-03-18 17:18:23.770584	t	26061126	\N
170	161	0	2	68	2022-03-18 00:00:00	2022-03-18 17:18:24.040707	t	26061127	\N
171	161	0	2	68	2022-03-18 00:00:00	2022-03-18 17:18:24.25225	t	26061128	\N
172	161	0	2	68	2022-03-18 00:00:00	2022-03-18 17:18:24.574656	t	26061129	\N
173	161	0	2	68	2022-03-18 00:00:00	2022-03-18 17:18:24.772935	t	26061130	\N
200	161	0	2	68	2022-03-18 00:00:00	2022-03-18 17:18:25.0939	t	26061122	\N
371	177	0	0	75	2022-03-23 00:00:00	2022-03-23 00:00:00	t	26061294	\N
356	177	0	2	75	2022-03-23 00:00:00	2022-03-23 13:46:16.665186	t	26061312	\N
357	177	0	2	75	2022-03-23 00:00:00	2022-03-23 13:46:16.920381	t	26061313	\N
350	177	0	2	75	2022-03-23 00:00:00	2022-03-23 13:46:17.199078	t	26061306	\N
351	177	0	2	75	2022-03-23 00:00:00	2022-03-23 13:46:17.463043	t	26061307	\N
352	177	0	2	75	2022-03-23 00:00:00	2022-03-23 13:46:17.717499	t	26061308	\N
353	177	0	2	75	2022-03-23 00:00:00	2022-03-23 13:46:17.946663	t	26061309	\N
346	177	0	2	75	2022-03-23 00:00:00	2022-03-23 13:46:18.181437	t	26061303	\N
347	177	0	2	75	2022-03-23 00:00:00	2022-03-23 13:46:18.440679	t	26061304	\N
363	177	0	2	75	2022-03-23 00:00:00	2022-03-23 13:46:18.750277	t	26061318	\N
368	177	0	2	75	2022-03-23 00:00:00	2022-03-23 13:46:18.979547	t	26061291	\N
370	177	0	2	75	2022-03-23 00:00:00	2022-03-23 13:46:19.231424	t	26061293	\N
362	177	0	2	75	2022-03-23 00:00:00	2022-03-23 13:46:23.551928	t	26061317	\N
339	177	0	2	75	2022-03-23 00:00:00	2022-03-23 13:46:23.785574	t	26061296	\N
340	177	0	2	75	2022-03-23 00:00:00	2022-03-23 13:46:23.982761	t	26061297	\N
341	177	0	2	75	2022-03-23 00:00:00	2022-03-23 13:46:24.215996	t	26061298	\N
342	177	0	2	75	2022-03-23 00:00:00	2022-03-23 13:46:24.419325	t	26061299	\N
344	177	0	2	75	2022-03-23 00:00:00	2022-03-23 13:46:24.62335	t	26061301	\N
345	177	0	2	75	2022-03-23 00:00:00	2022-03-23 13:46:24.882106	t	26061302	\N
354	177	0	2	75	2022-03-23 00:00:00	2022-03-23 13:46:25.16487	t	26061310	\N
355	177	0	2	75	2022-03-23 00:00:00	2022-03-23 13:46:25.394941	t	26061311	\N
313	175	0	2	74	2022-03-23 00:00:00	2022-03-23 14:41:31.580242	t	26061272	\N
314	175	0	2	74	2022-03-23 00:00:00	2022-03-23 14:41:31.874292	t	26061273	\N
315	175	0	2	74	2022-03-23 00:00:00	2022-03-23 14:41:32.120518	t	26061274	\N
316	175	0	2	74	2022-03-23 00:00:00	2022-03-23 14:41:32.384944	t	26061275	\N
307	175	0	2	74	2022-03-23 00:00:00	2022-03-23 14:41:32.625915	f	26061258	\N
324	175	0	2	74	2022-03-23 00:00:00	2022-03-23 14:41:32.886877	t	26061282	\N
325	175	0	2	74	2022-03-23 00:00:00	2022-03-23 14:41:33.164156	t	26061283	\N
326	175	0	2	74	2022-03-23 00:00:00	2022-03-23 14:41:33.440823	t	26061284	\N
312	175	0	2	74	2022-03-23 00:00:00	2022-03-23 14:41:33.702931	t	26061271	\N
331	175	0	2	74	2022-03-23 00:00:00	2022-03-23 14:41:33.9304	t	26061264	\N
332	175	0	2	74	2022-03-23 00:00:00	2022-03-23 14:41:34.16479	t	26061265	\N
329	175	0	2	74	2022-03-23 00:00:00	2022-03-23 14:41:34.440408	t	26061262	\N
330	175	0	2	74	2022-03-23 00:00:00	2022-03-23 14:41:34.759044	t	26061263	\N
309	175	0	2	74	2022-03-23 00:00:00	2022-03-23 14:41:35.00462	t	26061268	\N
310	175	0	2	74	2022-03-23 00:00:00	2022-03-23 14:41:35.239215	t	26061269	\N
333	175	0	2	74	2022-03-23 00:00:00	2022-03-23 14:41:35.527878	t	26061266	\N
311	175	0	2	74	2022-03-23 00:00:00	2022-03-23 14:41:35.799931	t	26061270	\N
323	175	0	2	74	2022-03-23 00:00:00	2022-03-23 14:41:36.037016	t	26061281	\N
308	175	0	2	74	2022-03-23 00:00:00	2022-03-23 14:41:36.34171	t	26061267	\N
327	175	0	2	74	2022-03-23 00:00:00	2022-03-23 14:41:36.589201	t	26061260	\N
328	175	0	2	74	2022-03-23 00:00:00	2022-03-23 14:41:36.839411	t	26061261	\N
317	175	0	2	74	2022-03-23 00:00:00	2022-03-23 14:41:37.085737	t	26061276	\N
318	175	0	2	74	2022-03-23 00:00:00	2022-03-23 14:41:37.303278	t	26061259	\N
319	175	0	2	74	2022-03-23 00:00:00	2022-03-23 14:41:37.51394	t	26061277	\N
320	175	0	2	74	2022-03-23 00:00:00	2022-03-23 14:41:37.742726	t	26061278	\N
372	178	30	0	76	2022-03-23 00:00:00	2022-03-23 00:00:00	f	26061323	\N
321	175	0	2	74	2022-03-23 00:00:00	2022-03-23 14:41:37.956945	t	26061279	\N
322	175	0	2	74	2022-03-23 00:00:00	2022-03-23 14:41:38.199275	t	26061280	\N
217	171	30	4	71	2022-03-23 00:00:00	2022-03-23 12:07:02.428918	t	26061172	\N
214	168	30	4	71	2022-03-23 00:00:00	2022-03-23 12:07:06.595554	t	26061165	\N
260	172	0	2	71	2022-03-23 00:00:00	2022-03-23 12:02:03.22198	t	26061219	\N
261	172	0	2	71	2022-03-23 00:00:00	2022-03-23 12:02:03.474124	t	26061220	\N
262	172	0	2	71	2022-03-23 00:00:00	2022-03-23 12:02:03.693949	t	26061203	\N
263	172	0	2	71	2022-03-23 00:00:00	2022-03-23 12:02:03.923192	t	26061221	\N
212	168	0	2	71	2022-03-23 00:00:00	2022-03-23 12:02:09.569424	f	26061163	\N
251	172	0	2	71	2022-03-23 00:00:00	2022-03-23 12:02:09.822024	t	26061202	\N
213	168	0	2	71	2022-03-23 00:00:00	2022-03-23 12:02:10.024445	t	26061164	\N
222	171	0	2	71	2022-03-23 00:00:00	2022-03-23 12:02:10.25386	t	26061185	\N
228	169	0	2	71	2022-03-23 00:00:00	2022-03-23 12:02:10.487728	t	26061167	\N
229	170	0	2	71	2022-03-23 00:00:00	2022-03-23 12:02:10.702207	t	26061170	\N
240	171	0	2	71	2022-03-23 00:00:00	2022-03-23 12:02:10.929352	t	26061200	\N
241	169	0	2	71	2022-03-23 00:00:00	2022-03-23 12:02:11.158905	t	26061168	\N
242	170	0	2	71	2022-03-23 00:00:00	2022-03-23 12:02:11.406356	t	26061171	\N
237	171	0	2	71	2022-03-23 00:00:00	2022-03-23 12:01:55.17963	t	26061197	\N
225	171	0	2	71	2022-03-23 00:00:00	2022-03-23 12:01:55.403318	t	26061188	\N
226	171	0	2	71	2022-03-23 00:00:00	2022-03-23 12:01:55.630639	t	26061189	\N
246	171	0	2	71	2022-03-23 00:00:00	2022-03-23 12:01:55.851475	t	26061176	\N
247	171	0	2	71	2022-03-23 00:00:00	2022-03-23 12:01:56.102019	t	26061177	\N
248	171	0	2	71	2022-03-23 00:00:00	2022-03-23 12:01:56.333151	t	26061178	\N
227	171	0	2	71	2022-03-23 00:00:00	2022-03-23 12:01:56.583108	t	26061190	\N
244	171	0	2	71	2022-03-23 00:00:00	2022-03-23 12:01:57.079704	t	26061201	\N
245	171	0	2	71	2022-03-23 00:00:00	2022-03-23 12:01:57.342067	t	26061175	\N
216	170	3000	4	71	2022-03-23 00:00:00	2022-03-23 12:01:57.467528	t	26061169	\N
218	171	0	2	71	2022-03-23 00:00:00	2022-03-23 12:01:57.939297	t	26061181	\N
219	171	0	2	71	2022-03-23 00:00:00	2022-03-23 12:01:58.174064	t	26061182	\N
220	171	0	2	71	2022-03-23 00:00:00	2022-03-23 12:01:58.422759	t	26061183	\N
249	171	0	2	71	2022-03-23 00:00:00	2022-03-23 12:01:58.674511	t	26061179	\N
250	171	0	2	71	2022-03-23 00:00:00	2022-03-23 12:01:58.98182	t	26061180	\N
223	171	0	2	71	2022-03-23 00:00:00	2022-03-23 12:01:59.261035	t	26061186	\N
224	171	0	2	71	2022-03-23 00:00:00	2022-03-23 12:01:59.552383	t	26061187	\N
235	171	0	2	71	2022-03-23 00:00:00	2022-03-23 12:01:59.828073	t	26061195	\N
236	171	0	2	71	2022-03-23 00:00:00	2022-03-23 12:02:00.306266	t	26061196	\N
238	171	0	2	71	2022-03-23 00:00:00	2022-03-23 12:02:00.657286	t	26061198	\N
239	171	0	2	71	2022-03-23 00:00:00	2022-03-23 12:02:00.988971	t	26061199	\N
253	172	0	2	71	2022-03-23 00:00:00	2022-03-23 12:02:01.550409	t	26061212	\N
254	172	0	2	71	2022-03-23 00:00:00	2022-03-23 12:02:01.791008	t	26061213	\N
255	172	0	2	71	2022-03-23 00:00:00	2022-03-23 12:02:02.051492	t	26061214	\N
256	172	0	2	71	2022-03-23 00:00:00	2022-03-23 12:02:02.282967	t	26061215	\N
257	172	0	2	71	2022-03-23 00:00:00	2022-03-23 12:02:02.530411	t	26061216	\N
258	172	0	2	71	2022-03-23 00:00:00	2022-03-23 12:02:02.742473	t	26061217	\N
259	172	0	2	71	2022-03-23 00:00:00	2022-03-23 12:02:02.961212	t	26061218	\N
264	172	0	2	71	2022-03-23 00:00:00	2022-03-23 12:02:04.15096	t	26061222	\N
265	172	0	2	71	2022-03-23 00:00:00	2022-03-23 12:02:04.400561	t	26061223	\N
266	172	0	2	71	2022-03-23 00:00:00	2022-03-23 12:02:04.633833	t	26061224	\N
267	172	0	2	71	2022-03-23 00:00:00	2022-03-23 12:02:04.872129	t	26061225	\N
268	172	0	2	71	2022-03-23 00:00:00	2022-03-23 12:02:05.110137	t	26061226	\N
221	171	0	2	71	2022-03-23 00:00:00	2022-03-23 12:02:08.146176	t	26061184	\N
230	171	0	2	71	2022-03-23 00:00:00	2022-03-23 12:02:08.358955	t	26061173	\N
231	171	0	2	71	2022-03-23 00:00:00	2022-03-23 12:02:08.593761	t	26061191	\N
232	171	0	2	71	2022-03-23 00:00:00	2022-03-23 12:02:08.846605	t	26061192	\N
233	171	0	2	71	2022-03-23 00:00:00	2022-03-23 12:02:09.087632	t	26061193	\N
234	171	0	2	71	2022-03-23 00:00:00	2022-03-23 12:02:09.345731	t	26061194	\N
252	172	0	2	71	2022-03-23 00:00:00	2022-03-23 12:02:11.621655	t	26061211	\N
243	171	0	2	71	2022-03-23 00:00:00	2022-03-23 12:02:11.842815	t	26061174	\N
215	169	3000	4	71	2022-03-23 00:00:00	2022-03-23 12:02:13.557735	t	26061166	\N
280	172	0	0	71	2022-03-23 00:00:00	2022-03-23 00:00:00	t	26061210	\N
269	172	0	2	71	2022-03-23 00:00:00	2022-03-23 12:02:05.360471	t	26061227	\N
270	172	0	2	71	2022-03-23 00:00:00	2022-03-23 12:02:05.606086	t	26061228	\N
271	172	0	2	71	2022-03-23 00:00:00	2022-03-23 12:02:05.850733	t	26061229	\N
272	172	0	2	71	2022-03-23 00:00:00	2022-03-23 12:02:06.096096	t	26061230	\N
273	172	0	2	71	2022-03-23 00:00:00	2022-03-23 12:02:06.392594	t	26061204	\N
274	172	0	2	71	2022-03-23 00:00:00	2022-03-23 12:02:06.664151	t	26061231	\N
275	172	0	2	71	2022-03-23 00:00:00	2022-03-23 12:02:06.917017	t	26061205	\N
276	172	0	2	71	2022-03-23 00:00:00	2022-03-23 12:02:07.180919	t	26061206	\N
277	172	0	2	71	2022-03-23 00:00:00	2022-03-23 12:02:07.425244	t	26061207	\N
278	172	0	2	71	2022-03-23 00:00:00	2022-03-23 12:02:07.66871	t	26061208	\N
279	172	0	2	71	2022-03-23 00:00:00	2022-03-23 12:02:07.922613	t	26061209	\N
295	173	0	2	72	2022-03-23 00:00:00	2022-03-23 12:10:48.000275	t	26061253	\N
296	173	0	2	72	2022-03-23 00:00:00	2022-03-23 12:10:48.22237	t	26061254	\N
297	173	0	2	72	2022-03-23 00:00:00	2022-03-23 12:10:48.438606	t	26061255	\N
284	173	0	2	72	2022-03-23 00:00:00	2022-03-23 12:10:48.687403	t	26061243	\N
285	173	0	2	72	2022-03-23 00:00:00	2022-03-23 12:10:48.971863	t	26061244	\N
286	173	0	2	72	2022-03-23 00:00:00	2022-03-23 12:10:49.229078	t	26061245	\N
287	173	0	2	72	2022-03-23 00:00:00	2022-03-23 12:10:49.477248	t	26061246	\N
288	173	0	2	72	2022-03-23 00:00:00	2022-03-23 12:10:49.740253	t	26061247	\N
289	173	0	2	72	2022-03-23 00:00:00	2022-03-23 12:10:49.988854	t	26061248	\N
290	173	0	2	72	2022-03-23 00:00:00	2022-03-23 12:10:50.273002	t	26061249	\N
291	173	0	2	72	2022-03-23 00:00:00	2022-03-23 12:10:50.53155	t	26061250	\N
292	173	0	2	72	2022-03-23 00:00:00	2022-03-23 12:10:50.769186	t	26061233	\N
305	173	0	0	72	2022-03-23 00:00:00	2022-03-23 00:00:00	t	26061240	\N
281	173	0	2	72	2022-03-23 00:00:00	2022-03-23 12:10:51.021695	f	26061232	\N
282	173	0	2	72	2022-03-23 00:00:00	2022-03-23 12:10:51.244525	t	26061241	\N
283	173	0	2	72	2022-03-23 00:00:00	2022-03-23 12:10:51.473699	t	26061242	\N
293	173	0	2	72	2022-03-23 00:00:00	2022-03-23 12:10:51.778981	t	26061251	\N
294	173	0	2	72	2022-03-23 00:00:00	2022-03-23 12:10:52.010235	t	26061252	\N
298	173	0	2	72	2022-03-23 00:00:00	2022-03-23 12:10:52.228138	t	26061256	\N
299	173	0	2	72	2022-03-23 00:00:00	2022-03-23 12:10:52.443869	t	26061234	\N
300	173	0	2	72	2022-03-23 00:00:00	2022-03-23 12:10:52.692451	t	26061235	\N
301	173	0	2	72	2022-03-23 00:00:00	2022-03-23 12:10:52.926225	t	26061236	\N
302	173	0	2	72	2022-03-23 00:00:00	2022-03-23 12:10:53.25978	t	26061237	\N
303	173	0	2	72	2022-03-23 00:00:00	2022-03-23 12:10:53.478461	t	26061238	\N
304	173	0	2	72	2022-03-23 00:00:00	2022-03-23 12:10:53.710472	t	26061239	\N
\.


--
-- Data for Name: awards; Type: TABLE DATA; Schema: public; Owner: postgres
--

COPY public.awards (id, number, draw_id, info_re_award, status, created_at, updated_at) FROM stdin;
49	01	92	[{"premio": "700.00", "id_apuesta": 18558234}, {"premio": "70.00", "id_apuesta": 18558233}]	2	2022-01-06 14:12:14.876171	2022-01-07 10:51:57.736537
64	1	32	[{"premio": "300.00", "id_apuesta": 26061105}]	2	2022-03-17 16:05:44.761778	2022-03-17 16:05:44.815883
76	1	51	\N	0	2022-03-23 14:41:29.126271	2022-03-23 14:41:29.126271
54	1	2	\N	0	2022-03-04 08:50:37.62707	2022-03-04 08:50:37.62707
65	1	179	[{"premio": "0.00", "id_apuesta": 26061108}]	2	2022-03-17 16:07:51.546395	2022-03-17 16:07:51.568822
55	0	3	\N	0	2022-03-17 09:28:56.354216	2022-03-17 09:28:56.354216
56	2	8	\N	0	2022-03-17 14:50:27.547813	2022-03-17 14:50:27.547813
66	001	100	[{"premio": "0.00", "id_apuesta": 26061113}]	2	2022-03-17 16:10:50.208563	2022-03-17 16:10:50.23425
69	1	3	\N	0	2022-03-23 09:56:47.077243	2022-03-23 09:56:47.077243
9	124	101	[{"premio": "50000000", "id_apuesta": 4937112}]	2	2021-08-23 20:09:20.848557	2021-08-23 21:18:25.306105
12	123	101	\N	0	2021-08-25 00:21:58.70755	2021-08-25 00:21:58.70755
78	2	9	\N	0	2022-03-28 14:05:42.568035	2022-03-28 14:05:42.568035
11	123	97	[{"premio": "700000000.00", "id_apuesta": 4937202}]	2	2021-08-25 00:21:58.697349	2021-08-25 00:43:56.764448
10	496	92	[{"premio": "14000000.00", "id_apuesta": 4937297}]	2	2021-08-25 00:21:58.607411	2021-08-25 01:16:48.373386
13	123	91	\N	0	2021-08-26 14:09:25.941761	2021-08-26 14:09:25.941761
16	100	92	\N	0	2021-08-26 14:27:18.464015	2021-08-26 14:27:18.464015
14	100	93	[{"premio": "14000000.00", "id_apuesta": 4938724}]	2	2021-08-26 14:13:14.057427	2021-08-26 14:27:18.473245
15	100	94	[{"premio": "14000000.00", "id_apuesta": 4938787}]	2	2021-08-26 14:15:02.666699	2021-08-26 14:27:18.485239
17	100	95	\N	0	2021-08-26 14:27:18.495969	2021-08-26 14:27:18.495969
18	100	96	\N	0	2021-08-26 14:27:18.504699	2021-08-26 14:27:18.504699
19	100	97	\N	0	2021-08-26 14:27:18.513505	2021-08-26 14:27:18.513505
20	100	98	\N	0	2021-08-26 14:27:18.521637	2021-08-26 14:27:18.521637
21	100	99	\N	0	2021-08-26 14:27:18.529512	2021-08-26 14:27:18.529512
22	100	100	\N	0	2021-08-26 14:27:18.537003	2021-08-26 14:27:18.537003
23	100	101	\N	0	2021-08-26 14:27:18.544029	2021-08-26 14:27:18.544029
24	124	101	\N	0	2021-08-27 02:38:30.180067	2021-08-27 02:38:30.180067
25	10	114	\N	0	2021-08-27 18:07:26.050054	2021-08-27 18:07:26.050054
26	10	96	\N	0	2021-08-27 18:15:37.564892	2021-08-27 18:15:37.564892
79	10	10	\N	0	2022-03-28 14:10:21.428083	2022-03-28 14:10:21.428083
81	50	107	\N	0	2022-03-28 15:02:08.104065	2022-03-28 15:02:08.104065
83	1	27	\N	0	2022-03-29 11:39:00.101683	2022-03-29 11:39:00.101683
84	1	48	\N	0	2022-03-29 11:40:55.09542	2022-03-29 11:40:55.09542
88	1	5	\N	0	2022-03-30 11:05:01.253971	2022-03-30 11:05:01.253971
89	1	27	\N	0	2022-03-30 11:09:09.202158	2022-03-30 11:09:09.202158
91	35	45	\N	0	2022-04-17 09:20:27.059601	2022-04-17 09:20:27.059601
92	20	24	\N	0	2022-04-17 09:20:27.066065	2022-04-17 09:20:27.066065
93	983	90	\N	0	2022-04-17 09:20:27.072299	2022-04-17 09:20:27.072299
94	94	102	\N	0	2022-04-17 09:20:27.078451	2022-04-17 09:20:27.078451
100	34	7	\N	0	2022-05-02 16:48:49.962165	2022-05-02 16:48:49.962165
37	25	100	[{"premio": "3000.00", "id_apuesta": 18558165}]	2	2021-12-30 22:50:45.853721	2021-12-30 22:55:48.906693
38	123	101	[{"premio": "60000.00", "id_apuesta": 18558170}]	2	2021-12-30 23:14:21.864687	2021-12-30 23:40:46.268875
57	31	9	[{"premio": "0.00", "id_apuesta": 26061054}]	2	2022-03-17 14:50:27.557203	2022-03-17 15:17:47.929257
39	525	101	[{"premio": "60000.00", "id_apuesta": 18558190}]	2	2021-12-31 00:08:15.690994	2021-12-31 01:52:58.655114
40	001	101	\N	0	2022-01-04 20:01:23.616964	2022-01-04 20:01:23.616964
41	020	92	\N	0	2022-01-05 14:18:24.210598	2022-01-05 14:18:24.210598
42	69	96	\N	0	2022-01-05 18:59:04.923067	2022-01-05 18:59:04.923067
43	007	97	[{"premio": "3500.00", "id_apuesta": 18558206}]	2	2022-01-05 19:25:06.246616	2022-01-05 19:41:38.658587
44	958	98	\N	0	2022-01-05 19:58:42.322046	2022-01-05 19:58:42.322046
45	198	166	\N	0	2022-01-05 20:17:09.574085	2022-01-05 20:17:09.574085
46	995	100	\N	0	2022-01-05 20:26:10.13084	2022-01-05 20:26:10.13084
47	777	99	\N	0	2022-01-05 20:34:22.689106	2022-01-05 20:34:22.689106
48	111	91	\N	0	2022-01-06 13:51:30.300303	2022-01-06 13:51:30.300303
58	00	12	[{"premio": "30.00", "id_apuesta": 26061057}, {"premio": "0.00", "id_apuesta": 26061058}]	2	2022-03-17 15:25:39.023481	2022-03-17 15:25:39.037187
50	1	6	\N	0	2022-01-06 16:39:27.541241	2022-01-06 16:39:27.541241
51	102	94	\N	0	2022-01-06 16:47:55.607007	2022-01-06 16:47:55.607007
52	12	95	[{"premio": "5.00", "id_apuesta": 18558440}]	2	2022-01-06 17:00:53.81689	2022-01-06 17:00:53.835877
53	198	166	\N	0	2022-01-06 20:27:22.009179	2022-01-06 20:27:22.009179
59	102	97	[{"premio": "0.00", "id_apuesta": 26061061}]	2	2022-03-17 15:31:06.843203	2022-03-17 15:31:06.858047
60	31	174	\N	0	2022-03-17 15:31:06.871564	2022-03-17 15:31:06.871564
61	2	30	[{"premio": "0.00", "id_apuesta": 26061064}]	2	2022-03-17 15:36:11.929607	2022-03-17 15:36:11.950497
62	00	175	[{"premio": "300.00", "id_apuesta": 26061065}, {"premio": "0.00", "id_apuesta": 26061066}]	2	2022-03-17 15:38:08.185438	2022-03-17 15:43:04.500273
72	9	6	[{"premio": "0.00", "id_apuesta": 26061240}]	2	2022-03-23 12:01:51.044928	2022-03-23 12:01:51.359799
77	9	52	[]	2	2022-03-23 14:46:32.86518	2022-03-23 14:46:33.116626
67	1	7	\N	0	2022-03-18 17:18:13.506604	2022-03-18 17:18:13.506604
80	1	29	\N	0	2022-03-28 14:17:39.69923	2022-03-28 14:17:39.69923
63	9	11	[{"premio": "0.00", "id_apuesta": 26061075}]	2	2022-03-17 15:50:38.842052	2022-03-17 15:50:39.376382
82	0	5	[{"premio": "30.00", "id_apuesta": 26061421}]	2	2022-03-29 11:24:33.539807	2022-03-29 11:37:31.730628
85	1	171	\N	0	2022-03-29 14:43:51.223477	2022-03-29 14:43:51.223477
86	1	172	\N	0	2022-03-29 14:43:51.261003	2022-03-29 14:43:51.261003
87	26	173	\N	0	2022-03-29 14:47:10.656604	2022-03-29 14:47:10.656604
90	25	2	\N	0	2022-04-17 09:03:26.358408	2022-04-17 09:03:26.358408
75	9	206	[{"premio": "0.00", "id_apuesta": 26061294}]	2	2022-03-23 13:46:10.018528	2022-03-23 13:46:10.566109
99	10	2	\N	0	2022-05-02 16:42:52.027403	2022-05-02 16:42:52.027403
95	1	3	[]	2	2022-05-02 16:42:51.990601	2022-05-02 16:48:49.93148
96	16	4	[]	2	2022-05-02 16:42:52.000577	2022-05-02 16:48:49.943326
97	15	5	[]	2	2022-05-02 16:42:52.013999	2022-05-02 16:48:49.950101
98	13	6	[]	2	2022-05-02 16:42:52.020647	2022-05-02 16:48:49.956526
71	9	5	[{"premio": "0.00", "id_apuesta": 26061210}]	2	2022-03-23 11:12:12.142902	2022-03-23 12:01:51.029333
73	1	7	\N	0	2022-03-23 12:20:06.95086	2022-03-23 12:20:06.95086
68	9	11	[{"premio": "0.00", "id_apuesta": 26061123}]	2	2022-03-18 17:18:13.547534	2022-03-18 17:18:14.055969
70	36	4	[{"premio": "0.00", "id_apuesta": 26061160}]	2	2022-03-23 10:17:02.704783	2022-03-23 10:53:18.2648
74	9	8	[]	2	2022-03-23 12:29:39.616875	2022-03-23 14:41:29.119236
\.


--
-- Data for Name: bets; Type: TABLE DATA; Schema: public; Owner: postgres
--

COPY public.bets (id, ticket_id, amount, prize, played, bet_statu_id, lotery_id, number, player_id, created_at, updated_at, remote_bet_id) FROM stdin;
897	26	20000	0	f	1	114	125	1	2021-08-23 19:38:51.712556	2021-08-23 19:38:51.712556	4937103
898	26	20000	0	f	1	114	225	1	2021-08-23 19:38:51.712556	2021-08-23 19:38:51.712556	4937104
899	26	20000	0	f	1	114	325	1	2021-08-23 19:38:51.712556	2021-08-23 19:38:51.712556	4937105
900	26	20000	0	f	1	114	425	1	2021-08-23 19:38:51.712556	2021-08-23 19:38:51.712556	4937106
901	26	20000	0	f	1	114	525	1	2021-08-23 19:38:51.712556	2021-08-23 19:38:51.712556	4937107
902	26	20000	0	f	1	114	625	1	2021-08-23 19:38:51.712556	2021-08-23 19:38:51.712556	4937108
903	26	20000	0	f	1	114	725	1	2021-08-23 19:38:51.712556	2021-08-23 19:38:51.712556	4937109
904	26	20000	0	f	1	114	825	1	2021-08-23 19:38:51.712556	2021-08-23 19:38:51.712556	4937110
905	26	20000	0	f	1	114	925	1	2021-08-23 19:38:51.712556	2021-08-23 19:38:51.712556	4937111
906	27	8000000	0	f	1	101	815	1	2021-08-23 19:38:55.831788	2021-08-23 19:38:55.831788	4937112
907	28	80000000	0	f	1	92	123	1	2021-08-23 19:57:26.359174	2021-08-23 19:57:26.359174	4937163
908	29	20000	0	f	1	92	123	1	2021-08-23 20:15:19.805779	2021-08-23 20:15:19.805779	4937175
909	29	20000	0	f	1	92	321	1	2021-08-23 20:15:19.805779	2021-08-23 20:15:19.805779	4937176
910	29	20000	0	f	1	92	456	1	2021-08-23 20:15:19.805779	2021-08-23 20:15:19.805779	4937177
911	29	20000	0	f	1	92	987	1	2021-08-23 20:15:19.805779	2021-08-23 20:15:19.805779	4937178
912	29	20000	0	f	1	98	123	1	2021-08-23 20:15:19.805779	2021-08-23 20:15:19.805779	4937179
913	29	20000	0	f	1	98	321	1	2021-08-23 20:15:19.805779	2021-08-23 20:15:19.805779	4937180
914	29	20000	0	f	1	98	456	1	2021-08-23 20:15:19.805779	2021-08-23 20:15:19.805779	4937181
915	29	20000	0	f	1	98	987	1	2021-08-23 20:15:19.805779	2021-08-23 20:15:19.805779	4937182
916	29	20000	0	f	1	99	123	1	2021-08-23 20:15:19.805779	2021-08-23 20:15:19.805779	4937183
917	29	20000	0	f	1	99	321	1	2021-08-23 20:15:19.805779	2021-08-23 20:15:19.805779	4937184
918	29	20000	0	f	1	99	456	1	2021-08-23 20:15:19.805779	2021-08-23 20:15:19.805779	4937185
919	29	20000	0	f	1	99	987	1	2021-08-23 20:15:19.805779	2021-08-23 20:15:19.805779	4937186
920	29	20000	0	f	1	100	123	1	2021-08-23 20:15:19.805779	2021-08-23 20:15:19.805779	4937187
921	29	20000	0	f	1	100	321	1	2021-08-23 20:15:19.805779	2021-08-23 20:15:19.805779	4937188
922	29	20000	0	f	1	100	456	1	2021-08-23 20:15:19.805779	2021-08-23 20:15:19.805779	4937189
923	29	20000	0	f	1	100	987	1	2021-08-23 20:15:19.805779	2021-08-23 20:15:19.805779	4937190
924	29	20000	0	f	1	101	123	1	2021-08-23 20:15:19.805779	2021-08-23 20:15:19.805779	4937191
925	29	20000	0	f	1	101	321	1	2021-08-23 20:15:19.805779	2021-08-23 20:15:19.805779	4937192
926	29	20000	0	f	1	101	456	1	2021-08-23 20:15:19.805779	2021-08-23 20:15:19.805779	4937193
927	29	20000	0	f	1	101	987	1	2021-08-23 20:15:19.805779	2021-08-23 20:15:19.805779	4937194
928	30	20000	0	f	1	98	123	1	2021-08-23 20:16:07.809383	2021-08-23 20:16:07.809383	4937195
929	31	20000	0	f	1	98	852	1	2021-08-23 20:16:32.009681	2021-08-23 20:16:32.009681	4937196
930	32	20000	0	f	1	98	123	1	2021-08-23 20:17:42.941864	2021-08-23 20:17:42.941864	4937197
931	32	20000	0	f	1	98	879	1	2021-08-23 20:17:42.941864	2021-08-23 20:17:42.941864	4937198
932	32	20000	0	f	1	98	785	1	2021-08-23 20:17:42.941864	2021-08-23 20:17:42.941864	4937199
933	33	200000	0	f	1	92	123	1	2021-08-24 13:40:18.635224	2021-08-24 13:40:18.635224	4937200
934	34	9000000	0	f	1	9	03	1	2021-08-24 19:19:29.848579	2021-08-24 19:19:29.848579	4937201
935	35	1000000	0	f	1	97	123	1	2021-08-24 19:59:39.825358	2021-08-24 19:59:39.825358	4937202
936	36	20000	0	f	1	101	123	1	2021-08-24 23:56:11.192761	2021-08-24 23:56:11.192761	4937203
937	36	20000	0	f	1	101	223	1	2021-08-24 23:56:11.192761	2021-08-24 23:56:11.192761	4937204
938	36	20000	0	f	1	101	323	1	2021-08-24 23:56:11.192761	2021-08-24 23:56:11.192761	4937205
939	36	20000	0	f	1	101	423	1	2021-08-24 23:56:11.192761	2021-08-24 23:56:11.192761	4937206
940	36	20000	0	f	1	101	523	1	2021-08-24 23:56:11.192761	2021-08-24 23:56:11.192761	4937207
941	36	20000	0	f	1	101	623	1	2021-08-24 23:56:11.192761	2021-08-24 23:56:11.192761	4937208
942	36	20000	0	f	1	101	723	1	2021-08-24 23:56:11.192761	2021-08-24 23:56:11.192761	4937209
943	36	20000	0	f	1	101	823	1	2021-08-24 23:56:11.192761	2021-08-24 23:56:11.192761	4937210
944	36	20000	0	f	1	101	923	1	2021-08-24 23:56:11.192761	2021-08-24 23:56:11.192761	4937211
945	37	20000	0	f	1	101	56	1	2021-08-24 23:56:23.78015	2021-08-24 23:56:23.78015	4937212
946	38	20000	0	f	1	101	158	1	2021-08-24 23:56:35.980173	2021-08-24 23:56:35.980173	4937213
947	38	20000	0	f	1	101	258	1	2021-08-24 23:56:35.980173	2021-08-24 23:56:35.980173	4937214
948	38	20000	0	f	1	101	358	1	2021-08-24 23:56:35.980173	2021-08-24 23:56:35.980173	4937215
949	38	20000	0	f	1	101	458	1	2021-08-24 23:56:35.980173	2021-08-24 23:56:35.980173	4937216
950	38	20000	0	f	1	101	558	1	2021-08-24 23:56:35.980173	2021-08-24 23:56:35.980173	4937217
951	38	20000	0	f	1	101	658	1	2021-08-24 23:56:35.980173	2021-08-24 23:56:35.980173	4937218
952	38	20000	0	f	1	101	758	1	2021-08-24 23:56:35.980173	2021-08-24 23:56:35.980173	4937219
953	38	20000	0	f	1	101	858	1	2021-08-24 23:56:35.980173	2021-08-24 23:56:35.980173	4937220
954	38	20000	0	f	1	101	958	1	2021-08-24 23:56:35.980173	2021-08-24 23:56:35.980173	4937221
955	39	20000	0	f	1	101	169	1	2021-08-24 23:57:09.129296	2021-08-24 23:57:09.129296	4937222
956	39	20000	0	f	1	101	269	1	2021-08-24 23:57:09.129296	2021-08-24 23:57:09.129296	4937223
957	39	20000	0	f	1	101	369	1	2021-08-24 23:57:09.129296	2021-08-24 23:57:09.129296	4937224
958	39	20000	0	f	1	101	469	1	2021-08-24 23:57:09.129296	2021-08-24 23:57:09.129296	4937225
959	39	20000	0	f	1	101	569	1	2021-08-24 23:57:09.129296	2021-08-24 23:57:09.129296	4937226
960	39	20000	0	f	1	101	669	1	2021-08-24 23:57:09.129296	2021-08-24 23:57:09.129296	4937227
961	39	20000	0	f	1	101	769	1	2021-08-24 23:57:09.129296	2021-08-24 23:57:09.129296	4937228
962	39	20000	0	f	1	101	869	1	2021-08-24 23:57:09.129296	2021-08-24 23:57:09.129296	4937229
963	39	20000	0	f	1	101	969	1	2021-08-24 23:57:09.129296	2021-08-24 23:57:09.129296	4937230
964	40	20000	0	f	1	92	112	1	2021-08-25 00:04:46.795309	2021-08-25 00:04:46.795309	4937231
965	40	20000	0	f	1	92	212	1	2021-08-25 00:04:46.795309	2021-08-25 00:04:46.795309	4937232
966	40	20000	0	f	1	92	312	1	2021-08-25 00:04:46.795309	2021-08-25 00:04:46.795309	4937233
967	40	20000	0	f	1	92	412	1	2021-08-25 00:04:46.795309	2021-08-25 00:04:46.795309	4937234
968	40	20000	0	f	1	92	512	1	2021-08-25 00:04:46.795309	2021-08-25 00:04:46.795309	4937235
969	40	20000	0	f	1	92	612	1	2021-08-25 00:04:46.795309	2021-08-25 00:04:46.795309	4937236
970	40	20000	0	f	1	92	712	1	2021-08-25 00:04:46.795309	2021-08-25 00:04:46.795309	4937237
971	40	20000	0	f	1	92	812	1	2021-08-25 00:04:46.795309	2021-08-25 00:04:46.795309	4937238
972	40	20000	0	f	1	92	912	1	2021-08-25 00:04:46.795309	2021-08-25 00:04:46.795309	4937239
973	40	20000	0	f	1	92	123	1	2021-08-25 00:04:46.795309	2021-08-25 00:04:46.795309	4937240
974	40	20000	0	f	1	92	223	1	2021-08-25 00:04:46.795309	2021-08-25 00:04:46.795309	4937241
975	40	20000	0	f	1	92	323	1	2021-08-25 00:04:46.795309	2021-08-25 00:04:46.795309	4937242
976	40	20000	0	f	1	92	423	1	2021-08-25 00:04:46.795309	2021-08-25 00:04:46.795309	4937243
977	40	20000	0	f	1	92	523	1	2021-08-25 00:04:46.795309	2021-08-25 00:04:46.795309	4937244
978	40	20000	0	f	1	92	623	1	2021-08-25 00:04:46.795309	2021-08-25 00:04:46.795309	4937245
979	40	20000	0	f	1	92	723	1	2021-08-25 00:04:46.795309	2021-08-25 00:04:46.795309	4937246
980	40	20000	0	f	1	92	823	1	2021-08-25 00:04:46.795309	2021-08-25 00:04:46.795309	4937247
981	40	20000	0	f	1	92	923	1	2021-08-25 00:04:46.795309	2021-08-25 00:04:46.795309	4937248
982	40	20000	0	f	1	92	168	1	2021-08-25 00:04:46.795309	2021-08-25 00:04:46.795309	4937249
983	40	20000	0	f	1	92	268	1	2021-08-25 00:04:46.795309	2021-08-25 00:04:46.795309	4937250
984	40	20000	0	f	1	92	368	1	2021-08-25 00:04:46.795309	2021-08-25 00:04:46.795309	4937251
985	40	20000	0	f	1	92	468	1	2021-08-25 00:04:46.795309	2021-08-25 00:04:46.795309	4937252
986	40	20000	0	f	1	92	568	1	2021-08-25 00:04:46.795309	2021-08-25 00:04:46.795309	4937253
987	40	20000	0	f	1	92	668	1	2021-08-25 00:04:46.795309	2021-08-25 00:04:46.795309	4937254
988	40	20000	0	f	1	92	768	1	2021-08-25 00:04:46.795309	2021-08-25 00:04:46.795309	4937255
989	40	20000	0	f	1	92	868	1	2021-08-25 00:04:46.795309	2021-08-25 00:04:46.795309	4937256
990	40	20000	0	f	1	92	968	1	2021-08-25 00:04:46.795309	2021-08-25 00:04:46.795309	4937257
991	40	20000	0	f	1	92	18	1	2021-08-25 00:04:46.795309	2021-08-25 00:04:46.795309	4937258
992	40	20000	0	f	1	92	28	1	2021-08-25 00:04:46.795309	2021-08-25 00:04:46.795309	4937259
993	40	20000	0	f	1	92	38	1	2021-08-25 00:04:46.795309	2021-08-25 00:04:46.795309	4937260
994	40	20000	0	f	1	92	48	1	2021-08-25 00:04:46.795309	2021-08-25 00:04:46.795309	4937261
995	40	20000	0	f	1	92	58	1	2021-08-25 00:04:46.795309	2021-08-25 00:04:46.795309	4937262
996	40	20000	0	f	1	92	68	1	2021-08-25 00:04:46.795309	2021-08-25 00:04:46.795309	4937263
997	40	20000	0	f	1	92	78	1	2021-08-25 00:04:46.795309	2021-08-25 00:04:46.795309	4937264
998	40	20000	0	f	1	92	88	1	2021-08-25 00:04:46.795309	2021-08-25 00:04:46.795309	4937265
999	40	20000	0	f	1	92	98	1	2021-08-25 00:04:46.795309	2021-08-25 00:04:46.795309	4937266
1000	41	20000	0	f	1	92	112	1	2021-08-25 00:05:10.220772	2021-08-25 00:05:10.220772	4937267
1001	41	20000	0	f	1	92	212	1	2021-08-25 00:05:10.220772	2021-08-25 00:05:10.220772	4937268
1002	41	20000	0	f	1	92	312	1	2021-08-25 00:05:10.220772	2021-08-25 00:05:10.220772	4937269
1003	41	20000	0	f	1	92	412	1	2021-08-25 00:05:10.220772	2021-08-25 00:05:10.220772	4937270
1004	41	20000	0	f	1	92	512	1	2021-08-25 00:05:10.220772	2021-08-25 00:05:10.220772	4937271
1005	41	20000	0	f	1	92	612	1	2021-08-25 00:05:10.220772	2021-08-25 00:05:10.220772	4937272
1006	41	20000	0	f	1	92	712	1	2021-08-25 00:05:10.220772	2021-08-25 00:05:10.220772	4937273
1007	41	20000	0	f	1	92	812	1	2021-08-25 00:05:10.220772	2021-08-25 00:05:10.220772	4937274
1008	41	20000	0	f	1	92	912	1	2021-08-25 00:05:10.220772	2021-08-25 00:05:10.220772	4937275
1009	41	20000	0	f	1	92	145	1	2021-08-25 00:05:10.220772	2021-08-25 00:05:10.220772	4937276
1010	41	20000	0	f	1	92	245	1	2021-08-25 00:05:10.220772	2021-08-25 00:05:10.220772	4937277
1011	41	20000	0	f	1	92	345	1	2021-08-25 00:05:10.220772	2021-08-25 00:05:10.220772	4937278
1012	41	20000	0	f	1	92	445	1	2021-08-25 00:05:10.220772	2021-08-25 00:05:10.220772	4937279
1013	41	20000	0	f	1	92	545	1	2021-08-25 00:05:10.220772	2021-08-25 00:05:10.220772	4937280
1014	41	20000	0	f	1	92	645	1	2021-08-25 00:05:10.220772	2021-08-25 00:05:10.220772	4937281
1015	41	20000	0	f	1	92	745	1	2021-08-25 00:05:10.220772	2021-08-25 00:05:10.220772	4937282
1016	41	20000	0	f	1	92	845	1	2021-08-25 00:05:10.220772	2021-08-25 00:05:10.220772	4937283
1017	41	20000	0	f	1	92	945	1	2021-08-25 00:05:10.220772	2021-08-25 00:05:10.220772	4937284
1018	41	20000	0	f	1	92	178	1	2021-08-25 00:05:10.220772	2021-08-25 00:05:10.220772	4937285
1019	41	20000	0	f	1	92	278	1	2021-08-25 00:05:10.220772	2021-08-25 00:05:10.220772	4937286
1020	41	20000	0	f	1	92	378	1	2021-08-25 00:05:10.220772	2021-08-25 00:05:10.220772	4937287
1021	41	20000	0	f	1	92	478	1	2021-08-25 00:05:10.220772	2021-08-25 00:05:10.220772	4937288
1022	41	20000	0	f	1	92	578	1	2021-08-25 00:05:10.220772	2021-08-25 00:05:10.220772	4937289
1023	41	20000	0	f	1	92	678	1	2021-08-25 00:05:10.220772	2021-08-25 00:05:10.220772	4937290
1024	41	20000	0	f	1	92	778	1	2021-08-25 00:05:10.220772	2021-08-25 00:05:10.220772	4937291
1025	41	20000	0	f	1	92	878	1	2021-08-25 00:05:10.220772	2021-08-25 00:05:10.220772	4937292
1026	41	20000	0	f	1	92	978	1	2021-08-25 00:05:10.220772	2021-08-25 00:05:10.220772	4937293
1027	41	20000	0	f	1	92	196	1	2021-08-25 00:05:10.220772	2021-08-25 00:05:10.220772	4937294
1028	41	20000	0	f	1	92	296	1	2021-08-25 00:05:10.220772	2021-08-25 00:05:10.220772	4937295
1029	41	20000	0	f	1	92	396	1	2021-08-25 00:05:10.220772	2021-08-25 00:05:10.220772	4937296
1030	41	20000	0	f	1	92	496	1	2021-08-25 00:05:10.220772	2021-08-25 00:05:10.220772	4937297
1031	41	20000	0	f	1	92	596	1	2021-08-25 00:05:10.220772	2021-08-25 00:05:10.220772	4937298
1032	41	20000	0	f	1	92	696	1	2021-08-25 00:05:10.220772	2021-08-25 00:05:10.220772	4937299
1033	41	20000	0	f	1	92	796	1	2021-08-25 00:05:10.220772	2021-08-25 00:05:10.220772	4937300
1034	41	20000	0	f	1	92	896	1	2021-08-25 00:05:10.220772	2021-08-25 00:05:10.220772	4937301
1035	41	20000	0	f	1	92	996	1	2021-08-25 00:05:10.220772	2021-08-25 00:05:10.220772	4937302
1036	41	20000	0	f	1	92	136	1	2021-08-25 00:05:10.220772	2021-08-25 00:05:10.220772	4937303
1037	41	20000	0	f	1	92	236	1	2021-08-25 00:05:10.220772	2021-08-25 00:05:10.220772	4937304
1038	41	20000	0	f	1	92	336	1	2021-08-25 00:05:10.220772	2021-08-25 00:05:10.220772	4937305
1039	41	20000	0	f	1	92	436	1	2021-08-25 00:05:10.220772	2021-08-25 00:05:10.220772	4937306
1040	41	20000	0	f	1	92	536	1	2021-08-25 00:05:10.220772	2021-08-25 00:05:10.220772	4937307
1041	41	20000	0	f	1	92	636	1	2021-08-25 00:05:10.220772	2021-08-25 00:05:10.220772	4937308
1042	41	20000	0	f	1	92	736	1	2021-08-25 00:05:10.220772	2021-08-25 00:05:10.220772	4937309
1043	41	20000	0	f	1	92	836	1	2021-08-25 00:05:10.220772	2021-08-25 00:05:10.220772	4937310
1044	41	20000	0	f	1	92	936	1	2021-08-25 00:05:10.220772	2021-08-25 00:05:10.220772	4937311
1045	42	5786050	0	f	1	91	123	1	2021-08-26 14:08:56.405393	2021-08-26 14:08:56.405393	4938604
1046	43	20000000	0	f	1	93	10	1	2021-08-26 14:12:51.342928	2021-08-26 14:12:51.342928	4938605
1047	44	1000000	0	f	1	94	123	1	2021-08-26 14:14:33.501094	2021-08-26 14:14:33.501094	4938606
1048	45	20000	0	f	1	92	012	1	2021-08-26 14:23:29.058919	2021-08-26 14:23:29.058919	4938607
1049	45	20000	0	f	1	92	021	1	2021-08-26 14:23:29.058919	2021-08-26 14:23:29.058919	4938608
1050	45	20000	0	f	1	92	102	1	2021-08-26 14:23:29.058919	2021-08-26 14:23:29.058919	4938609
1051	45	20000	0	f	1	92	120	1	2021-08-26 14:23:29.058919	2021-08-26 14:23:29.058919	4938610
1052	45	20000	0	f	1	92	201	1	2021-08-26 14:23:29.058919	2021-08-26 14:23:29.058919	4938611
1053	45	20000	0	f	1	92	210	1	2021-08-26 14:23:29.058919	2021-08-26 14:23:29.058919	4938612
1054	45	20000	0	f	1	92	123	1	2021-08-26 14:23:29.058919	2021-08-26 14:23:29.058919	4938613
1055	45	20000	0	f	1	92	132	1	2021-08-26 14:23:29.058919	2021-08-26 14:23:29.058919	4938614
1056	45	20000	0	f	1	92	213	1	2021-08-26 14:23:29.058919	2021-08-26 14:23:29.058919	4938615
1057	45	20000	0	f	1	92	231	1	2021-08-26 14:23:29.058919	2021-08-26 14:23:29.058919	4938616
1058	45	20000	0	f	1	92	312	1	2021-08-26 14:23:29.058919	2021-08-26 14:23:29.058919	4938617
1059	45	20000	0	f	1	92	321	1	2021-08-26 14:23:29.058919	2021-08-26 14:23:29.058919	4938618
1060	45	20000	0	f	1	92	234	1	2021-08-26 14:23:29.058919	2021-08-26 14:23:29.058919	4938619
1061	45	20000	0	f	1	92	243	1	2021-08-26 14:23:29.058919	2021-08-26 14:23:29.058919	4938620
1062	45	20000	0	f	1	92	324	1	2021-08-26 14:23:29.058919	2021-08-26 14:23:29.058919	4938621
1063	45	20000	0	f	1	92	342	1	2021-08-26 14:23:29.058919	2021-08-26 14:23:29.058919	4938622
1064	45	20000	0	f	1	92	423	1	2021-08-26 14:23:29.058919	2021-08-26 14:23:29.058919	4938623
1065	45	20000	0	f	1	92	432	1	2021-08-26 14:23:29.058919	2021-08-26 14:23:29.058919	4938624
1066	45	20000	0	f	1	92	345	1	2021-08-26 14:23:29.058919	2021-08-26 14:23:29.058919	4938625
1067	45	20000	0	f	1	92	354	1	2021-08-26 14:23:29.058919	2021-08-26 14:23:29.058919	4938626
1068	45	20000	0	f	1	92	435	1	2021-08-26 14:23:29.058919	2021-08-26 14:23:29.058919	4938627
1069	45	20000	0	f	1	92	453	1	2021-08-26 14:23:29.058919	2021-08-26 14:23:29.058919	4938628
1070	45	20000	0	f	1	92	534	1	2021-08-26 14:23:29.058919	2021-08-26 14:23:29.058919	4938629
1071	45	20000	0	f	1	92	543	1	2021-08-26 14:23:29.058919	2021-08-26 14:23:29.058919	4938630
1072	45	20000	0	f	1	92	456	1	2021-08-26 14:23:29.058919	2021-08-26 14:23:29.058919	4938631
1073	45	20000	0	f	1	92	465	1	2021-08-26 14:23:29.058919	2021-08-26 14:23:29.058919	4938632
1074	45	20000	0	f	1	92	546	1	2021-08-26 14:23:29.058919	2021-08-26 14:23:29.058919	4938633
1075	45	20000	0	f	1	92	564	1	2021-08-26 14:23:29.058919	2021-08-26 14:23:29.058919	4938634
1076	45	20000	0	f	1	92	645	1	2021-08-26 14:23:29.058919	2021-08-26 14:23:29.058919	4938635
1077	45	20000	0	f	1	92	654	1	2021-08-26 14:23:29.058919	2021-08-26 14:23:29.058919	4938636
1078	45	20000	0	f	1	92	567	1	2021-08-26 14:23:29.058919	2021-08-26 14:23:29.058919	4938637
1079	45	20000	0	f	1	92	576	1	2021-08-26 14:23:29.058919	2021-08-26 14:23:29.058919	4938638
1080	45	20000	0	f	1	92	657	1	2021-08-26 14:23:29.058919	2021-08-26 14:23:29.058919	4938639
1081	45	20000	0	f	1	92	675	1	2021-08-26 14:23:29.058919	2021-08-26 14:23:29.058919	4938640
1082	45	20000	0	f	1	92	756	1	2021-08-26 14:23:29.058919	2021-08-26 14:23:29.058919	4938641
1083	45	20000	0	f	1	92	765	1	2021-08-26 14:23:29.058919	2021-08-26 14:23:29.058919	4938642
1084	45	20000	0	f	1	92	678	1	2021-08-26 14:23:29.058919	2021-08-26 14:23:29.058919	4938643
1085	45	20000	0	f	1	92	687	1	2021-08-26 14:23:29.058919	2021-08-26 14:23:29.058919	4938644
1086	45	20000	0	f	1	92	768	1	2021-08-26 14:23:29.058919	2021-08-26 14:23:29.058919	4938645
1087	45	20000	0	f	1	92	786	1	2021-08-26 14:23:29.058919	2021-08-26 14:23:29.058919	4938646
1088	45	20000	0	f	1	92	867	1	2021-08-26 14:23:29.058919	2021-08-26 14:23:29.058919	4938647
1089	45	20000	0	f	1	92	876	1	2021-08-26 14:23:29.058919	2021-08-26 14:23:29.058919	4938648
1090	45	20000	0	f	1	92	789	1	2021-08-26 14:23:29.058919	2021-08-26 14:23:29.058919	4938649
1091	45	20000	0	f	1	92	798	1	2021-08-26 14:23:29.058919	2021-08-26 14:23:29.058919	4938650
1092	45	20000	0	f	1	92	879	1	2021-08-26 14:23:29.058919	2021-08-26 14:23:29.058919	4938651
1093	45	20000	0	f	1	92	897	1	2021-08-26 14:23:29.058919	2021-08-26 14:23:29.058919	4938652
1094	45	20000	0	f	1	92	978	1	2021-08-26 14:23:29.058919	2021-08-26 14:23:29.058919	4938653
1095	45	20000	0	f	1	92	987	1	2021-08-26 14:23:29.058919	2021-08-26 14:23:29.058919	4938654
1096	45	20000	0	f	1	92	089	1	2021-08-26 14:23:29.058919	2021-08-26 14:23:29.058919	4938655
1097	45	20000	0	f	1	92	098	1	2021-08-26 14:23:29.058919	2021-08-26 14:23:29.058919	4938656
1098	45	20000	0	f	1	92	809	1	2021-08-26 14:23:29.058919	2021-08-26 14:23:29.058919	4938657
1099	45	20000	0	f	1	92	890	1	2021-08-26 14:23:29.058919	2021-08-26 14:23:29.058919	4938658
1100	45	20000	0	f	1	92	908	1	2021-08-26 14:23:29.058919	2021-08-26 14:23:29.058919	4938659
1101	45	20000	0	f	1	92	980	1	2021-08-26 14:23:29.058919	2021-08-26 14:23:29.058919	4938660
1102	45	20000	0	f	1	92	100	1	2021-08-26 14:23:29.058919	2021-08-26 14:23:29.058919	4938661
1103	45	20000	0	f	1	92	200	1	2021-08-26 14:23:29.058919	2021-08-26 14:23:29.058919	4938662
1104	45	20000	0	f	1	92	300	1	2021-08-26 14:23:29.058919	2021-08-26 14:23:29.058919	4938663
1105	45	20000	0	f	1	92	400	1	2021-08-26 14:23:29.058919	2021-08-26 14:23:29.058919	4938664
1106	45	20000	0	f	1	92	500	1	2021-08-26 14:23:29.058919	2021-08-26 14:23:29.058919	4938665
1107	45	20000	0	f	1	92	600	1	2021-08-26 14:23:29.058919	2021-08-26 14:23:29.058919	4938666
1108	45	20000	0	f	1	92	700	1	2021-08-26 14:23:29.058919	2021-08-26 14:23:29.058919	4938667
1109	45	20000	0	f	1	92	800	1	2021-08-26 14:23:29.058919	2021-08-26 14:23:29.058919	4938668
1110	45	20000	0	f	1	92	900	1	2021-08-26 14:23:29.058919	2021-08-26 14:23:29.058919	4938669
1111	45	20000	0	f	1	93	012	1	2021-08-26 14:23:29.058919	2021-08-26 14:23:29.058919	4938670
1112	45	20000	0	f	1	93	021	1	2021-08-26 14:23:29.058919	2021-08-26 14:23:29.058919	4938671
1113	45	20000	0	f	1	93	102	1	2021-08-26 14:23:29.058919	2021-08-26 14:23:29.058919	4938672
1114	45	20000	0	f	1	93	120	1	2021-08-26 14:23:29.058919	2021-08-26 14:23:29.058919	4938673
1115	45	20000	0	f	1	93	201	1	2021-08-26 14:23:29.058919	2021-08-26 14:23:29.058919	4938674
1116	45	20000	0	f	1	93	210	1	2021-08-26 14:23:29.058919	2021-08-26 14:23:29.058919	4938675
1117	45	20000	0	f	1	93	123	1	2021-08-26 14:23:29.058919	2021-08-26 14:23:29.058919	4938676
1118	45	20000	0	f	1	93	132	1	2021-08-26 14:23:29.058919	2021-08-26 14:23:29.058919	4938677
1119	45	20000	0	f	1	93	213	1	2021-08-26 14:23:29.058919	2021-08-26 14:23:29.058919	4938678
1120	45	20000	0	f	1	93	231	1	2021-08-26 14:23:29.058919	2021-08-26 14:23:29.058919	4938679
1121	45	20000	0	f	1	93	312	1	2021-08-26 14:23:29.058919	2021-08-26 14:23:29.058919	4938680
1122	45	20000	0	f	1	93	321	1	2021-08-26 14:23:29.058919	2021-08-26 14:23:29.058919	4938681
1123	45	20000	0	f	1	93	234	1	2021-08-26 14:23:29.058919	2021-08-26 14:23:29.058919	4938682
1124	45	20000	0	f	1	93	243	1	2021-08-26 14:23:29.058919	2021-08-26 14:23:29.058919	4938683
1125	45	20000	0	f	1	93	324	1	2021-08-26 14:23:29.058919	2021-08-26 14:23:29.058919	4938684
1126	45	20000	0	f	1	93	342	1	2021-08-26 14:23:29.058919	2021-08-26 14:23:29.058919	4938685
1127	45	20000	0	f	1	93	423	1	2021-08-26 14:23:29.058919	2021-08-26 14:23:29.058919	4938686
1128	45	20000	0	f	1	93	432	1	2021-08-26 14:23:29.058919	2021-08-26 14:23:29.058919	4938687
1129	45	20000	0	f	1	93	345	1	2021-08-26 14:23:29.058919	2021-08-26 14:23:29.058919	4938688
1130	45	20000	0	f	1	93	354	1	2021-08-26 14:23:29.058919	2021-08-26 14:23:29.058919	4938689
1131	45	20000	0	f	1	93	435	1	2021-08-26 14:23:29.058919	2021-08-26 14:23:29.058919	4938690
1132	45	20000	0	f	1	93	453	1	2021-08-26 14:23:29.058919	2021-08-26 14:23:29.058919	4938691
1133	45	20000	0	f	1	93	534	1	2021-08-26 14:23:29.058919	2021-08-26 14:23:29.058919	4938692
1134	45	20000	0	f	1	93	543	1	2021-08-26 14:23:29.058919	2021-08-26 14:23:29.058919	4938693
1135	45	20000	0	f	1	93	456	1	2021-08-26 14:23:29.058919	2021-08-26 14:23:29.058919	4938694
1136	45	20000	0	f	1	93	465	1	2021-08-26 14:23:29.058919	2021-08-26 14:23:29.058919	4938695
1137	45	20000	0	f	1	93	546	1	2021-08-26 14:23:29.058919	2021-08-26 14:23:29.058919	4938696
1138	45	20000	0	f	1	93	564	1	2021-08-26 14:23:29.058919	2021-08-26 14:23:29.058919	4938697
1139	45	20000	0	f	1	93	645	1	2021-08-26 14:23:29.058919	2021-08-26 14:23:29.058919	4938698
1140	45	20000	0	f	1	93	654	1	2021-08-26 14:23:29.058919	2021-08-26 14:23:29.058919	4938699
1141	45	20000	0	f	1	93	567	1	2021-08-26 14:23:29.058919	2021-08-26 14:23:29.058919	4938700
1142	45	20000	0	f	1	93	576	1	2021-08-26 14:23:29.058919	2021-08-26 14:23:29.058919	4938701
1143	45	20000	0	f	1	93	657	1	2021-08-26 14:23:29.058919	2021-08-26 14:23:29.058919	4938702
1144	45	20000	0	f	1	93	675	1	2021-08-26 14:23:29.058919	2021-08-26 14:23:29.058919	4938703
1145	45	20000	0	f	1	93	756	1	2021-08-26 14:23:29.058919	2021-08-26 14:23:29.058919	4938704
1146	45	20000	0	f	1	93	765	1	2021-08-26 14:23:29.058919	2021-08-26 14:23:29.058919	4938705
1147	45	20000	0	f	1	93	678	1	2021-08-26 14:23:29.058919	2021-08-26 14:23:29.058919	4938706
1148	45	20000	0	f	1	93	687	1	2021-08-26 14:23:29.058919	2021-08-26 14:23:29.058919	4938707
1149	45	20000	0	f	1	93	768	1	2021-08-26 14:23:29.058919	2021-08-26 14:23:29.058919	4938708
1150	45	20000	0	f	1	93	786	1	2021-08-26 14:23:29.058919	2021-08-26 14:23:29.058919	4938709
1151	45	20000	0	f	1	93	867	1	2021-08-26 14:23:29.058919	2021-08-26 14:23:29.058919	4938710
1152	45	20000	0	f	1	93	876	1	2021-08-26 14:23:29.058919	2021-08-26 14:23:29.058919	4938711
1153	45	20000	0	f	1	93	789	1	2021-08-26 14:23:29.058919	2021-08-26 14:23:29.058919	4938712
1154	45	20000	0	f	1	93	798	1	2021-08-26 14:23:29.058919	2021-08-26 14:23:29.058919	4938713
1155	45	20000	0	f	1	93	879	1	2021-08-26 14:23:29.058919	2021-08-26 14:23:29.058919	4938714
1156	45	20000	0	f	1	93	897	1	2021-08-26 14:23:29.058919	2021-08-26 14:23:29.058919	4938715
1157	45	20000	0	f	1	93	978	1	2021-08-26 14:23:29.058919	2021-08-26 14:23:29.058919	4938716
1158	45	20000	0	f	1	93	987	1	2021-08-26 14:23:29.058919	2021-08-26 14:23:29.058919	4938717
1159	45	20000	0	f	1	93	089	1	2021-08-26 14:23:29.058919	2021-08-26 14:23:29.058919	4938718
1160	45	20000	0	f	1	93	098	1	2021-08-26 14:23:29.058919	2021-08-26 14:23:29.058919	4938719
1161	45	20000	0	f	1	93	809	1	2021-08-26 14:23:29.058919	2021-08-26 14:23:29.058919	4938720
1162	45	20000	0	f	1	93	890	1	2021-08-26 14:23:29.058919	2021-08-26 14:23:29.058919	4938721
1163	45	20000	0	f	1	93	908	1	2021-08-26 14:23:29.058919	2021-08-26 14:23:29.058919	4938722
1164	45	20000	0	f	1	93	980	1	2021-08-26 14:23:29.058919	2021-08-26 14:23:29.058919	4938723
1165	45	20000	0	f	1	93	100	1	2021-08-26 14:23:29.058919	2021-08-26 14:23:29.058919	4938724
1166	45	20000	0	f	1	93	200	1	2021-08-26 14:23:29.058919	2021-08-26 14:23:29.058919	4938725
1167	45	20000	0	f	1	93	300	1	2021-08-26 14:23:29.058919	2021-08-26 14:23:29.058919	4938726
1168	45	20000	0	f	1	93	400	1	2021-08-26 14:23:29.058919	2021-08-26 14:23:29.058919	4938727
1169	45	20000	0	f	1	93	500	1	2021-08-26 14:23:29.058919	2021-08-26 14:23:29.058919	4938728
1170	45	20000	0	f	1	93	600	1	2021-08-26 14:23:29.058919	2021-08-26 14:23:29.058919	4938729
1171	45	20000	0	f	1	93	700	1	2021-08-26 14:23:29.058919	2021-08-26 14:23:29.058919	4938730
1172	45	20000	0	f	1	93	800	1	2021-08-26 14:23:29.058919	2021-08-26 14:23:29.058919	4938731
1173	45	20000	0	f	1	93	900	1	2021-08-26 14:23:29.058919	2021-08-26 14:23:29.058919	4938732
1174	45	20000	0	f	1	94	012	1	2021-08-26 14:23:29.058919	2021-08-26 14:23:29.058919	4938733
1175	45	20000	0	f	1	94	021	1	2021-08-26 14:23:29.058919	2021-08-26 14:23:29.058919	4938734
1176	45	20000	0	f	1	94	102	1	2021-08-26 14:23:29.058919	2021-08-26 14:23:29.058919	4938735
1177	45	20000	0	f	1	94	120	1	2021-08-26 14:23:29.058919	2021-08-26 14:23:29.058919	4938736
1178	45	20000	0	f	1	94	201	1	2021-08-26 14:23:29.058919	2021-08-26 14:23:29.058919	4938737
1179	45	20000	0	f	1	94	210	1	2021-08-26 14:23:29.058919	2021-08-26 14:23:29.058919	4938738
1180	45	20000	0	f	1	94	123	1	2021-08-26 14:23:29.058919	2021-08-26 14:23:29.058919	4938739
1181	45	20000	0	f	1	94	132	1	2021-08-26 14:23:29.058919	2021-08-26 14:23:29.058919	4938740
1182	45	20000	0	f	1	94	213	1	2021-08-26 14:23:29.058919	2021-08-26 14:23:29.058919	4938741
1183	45	20000	0	f	1	94	231	1	2021-08-26 14:23:29.058919	2021-08-26 14:23:29.058919	4938742
1184	45	20000	0	f	1	94	312	1	2021-08-26 14:23:29.058919	2021-08-26 14:23:29.058919	4938743
1185	45	20000	0	f	1	94	321	1	2021-08-26 14:23:29.058919	2021-08-26 14:23:29.058919	4938744
1186	45	20000	0	f	1	94	234	1	2021-08-26 14:23:29.058919	2021-08-26 14:23:29.058919	4938745
1187	45	20000	0	f	1	94	243	1	2021-08-26 14:23:29.058919	2021-08-26 14:23:29.058919	4938746
1188	45	20000	0	f	1	94	324	1	2021-08-26 14:23:29.058919	2021-08-26 14:23:29.058919	4938747
1189	45	20000	0	f	1	94	342	1	2021-08-26 14:23:29.058919	2021-08-26 14:23:29.058919	4938748
1190	45	20000	0	f	1	94	423	1	2021-08-26 14:23:29.058919	2021-08-26 14:23:29.058919	4938749
1191	45	20000	0	f	1	94	432	1	2021-08-26 14:23:29.058919	2021-08-26 14:23:29.058919	4938750
1192	45	20000	0	f	1	94	345	1	2021-08-26 14:23:29.058919	2021-08-26 14:23:29.058919	4938751
1193	45	20000	0	f	1	94	354	1	2021-08-26 14:23:29.058919	2021-08-26 14:23:29.058919	4938752
1194	45	20000	0	f	1	94	435	1	2021-08-26 14:23:29.058919	2021-08-26 14:23:29.058919	4938753
1195	45	20000	0	f	1	94	453	1	2021-08-26 14:23:29.058919	2021-08-26 14:23:29.058919	4938754
1196	45	20000	0	f	1	94	534	1	2021-08-26 14:23:29.058919	2021-08-26 14:23:29.058919	4938755
1197	45	20000	0	f	1	94	543	1	2021-08-26 14:23:29.058919	2021-08-26 14:23:29.058919	4938756
1198	45	20000	0	f	1	94	456	1	2021-08-26 14:23:29.058919	2021-08-26 14:23:29.058919	4938757
1199	45	20000	0	f	1	94	465	1	2021-08-26 14:23:29.058919	2021-08-26 14:23:29.058919	4938758
1200	45	20000	0	f	1	94	546	1	2021-08-26 14:23:29.058919	2021-08-26 14:23:29.058919	4938759
1201	45	20000	0	f	1	94	564	1	2021-08-26 14:23:29.058919	2021-08-26 14:23:29.058919	4938760
1202	45	20000	0	f	1	94	645	1	2021-08-26 14:23:29.058919	2021-08-26 14:23:29.058919	4938761
1203	45	20000	0	f	1	94	654	1	2021-08-26 14:23:29.058919	2021-08-26 14:23:29.058919	4938762
1204	45	20000	0	f	1	94	567	1	2021-08-26 14:23:29.058919	2021-08-26 14:23:29.058919	4938763
1205	45	20000	0	f	1	94	576	1	2021-08-26 14:23:29.058919	2021-08-26 14:23:29.058919	4938764
1206	45	20000	0	f	1	94	657	1	2021-08-26 14:23:29.058919	2021-08-26 14:23:29.058919	4938765
1207	45	20000	0	f	1	94	675	1	2021-08-26 14:23:29.058919	2021-08-26 14:23:29.058919	4938766
1208	45	20000	0	f	1	94	756	1	2021-08-26 14:23:29.058919	2021-08-26 14:23:29.058919	4938767
1209	45	20000	0	f	1	94	765	1	2021-08-26 14:23:29.058919	2021-08-26 14:23:29.058919	4938768
1210	45	20000	0	f	1	94	678	1	2021-08-26 14:23:29.058919	2021-08-26 14:23:29.058919	4938769
1211	45	20000	0	f	1	94	687	1	2021-08-26 14:23:29.058919	2021-08-26 14:23:29.058919	4938770
1212	45	20000	0	f	1	94	768	1	2021-08-26 14:23:29.058919	2021-08-26 14:23:29.058919	4938771
1213	45	20000	0	f	1	94	786	1	2021-08-26 14:23:29.058919	2021-08-26 14:23:29.058919	4938772
1214	45	20000	0	f	1	94	867	1	2021-08-26 14:23:29.058919	2021-08-26 14:23:29.058919	4938773
1215	45	20000	0	f	1	94	876	1	2021-08-26 14:23:29.058919	2021-08-26 14:23:29.058919	4938774
1216	45	20000	0	f	1	94	789	1	2021-08-26 14:23:29.058919	2021-08-26 14:23:29.058919	4938775
1217	45	20000	0	f	1	94	798	1	2021-08-26 14:23:29.058919	2021-08-26 14:23:29.058919	4938776
1218	45	20000	0	f	1	94	879	1	2021-08-26 14:23:29.058919	2021-08-26 14:23:29.058919	4938777
1219	45	20000	0	f	1	94	897	1	2021-08-26 14:23:29.058919	2021-08-26 14:23:29.058919	4938778
1220	45	20000	0	f	1	94	978	1	2021-08-26 14:23:29.058919	2021-08-26 14:23:29.058919	4938779
1221	45	20000	0	f	1	94	987	1	2021-08-26 14:23:29.058919	2021-08-26 14:23:29.058919	4938780
1222	45	20000	0	f	1	94	089	1	2021-08-26 14:23:29.058919	2021-08-26 14:23:29.058919	4938781
1223	45	20000	0	f	1	94	098	1	2021-08-26 14:23:29.058919	2021-08-26 14:23:29.058919	4938782
1224	45	20000	0	f	1	94	809	1	2021-08-26 14:23:29.058919	2021-08-26 14:23:29.058919	4938783
1225	45	20000	0	f	1	94	890	1	2021-08-26 14:23:29.058919	2021-08-26 14:23:29.058919	4938784
1226	45	20000	0	f	1	94	908	1	2021-08-26 14:23:29.058919	2021-08-26 14:23:29.058919	4938785
1227	45	20000	0	f	1	94	980	1	2021-08-26 14:23:29.058919	2021-08-26 14:23:29.058919	4938786
1228	45	20000	0	f	1	94	100	1	2021-08-26 14:23:29.058919	2021-08-26 14:23:29.058919	4938787
1229	45	20000	0	f	1	94	200	1	2021-08-26 14:23:29.058919	2021-08-26 14:23:29.058919	4938788
1230	45	20000	0	f	1	94	300	1	2021-08-26 14:23:29.058919	2021-08-26 14:23:29.058919	4938789
1231	45	20000	0	f	1	94	400	1	2021-08-26 14:23:29.058919	2021-08-26 14:23:29.058919	4938790
1232	45	20000	0	f	1	94	500	1	2021-08-26 14:23:29.058919	2021-08-26 14:23:29.058919	4938791
1233	45	20000	0	f	1	94	600	1	2021-08-26 14:23:29.058919	2021-08-26 14:23:29.058919	4938792
1234	45	20000	0	f	1	94	700	1	2021-08-26 14:23:29.058919	2021-08-26 14:23:29.058919	4938793
1235	45	20000	0	f	1	94	800	1	2021-08-26 14:23:29.058919	2021-08-26 14:23:29.058919	4938794
1236	45	20000	0	f	1	94	900	1	2021-08-26 14:23:29.058919	2021-08-26 14:23:29.058919	4938795
1237	45	20000	0	f	1	95	012	1	2021-08-26 14:23:29.058919	2021-08-26 14:23:29.058919	4938796
1238	45	20000	0	f	1	95	021	1	2021-08-26 14:23:29.058919	2021-08-26 14:23:29.058919	4938797
1239	45	20000	0	f	1	95	102	1	2021-08-26 14:23:29.058919	2021-08-26 14:23:29.058919	4938798
1240	45	20000	0	f	1	95	120	1	2021-08-26 14:23:29.058919	2021-08-26 14:23:29.058919	4938799
1241	45	20000	0	f	1	95	201	1	2021-08-26 14:23:29.058919	2021-08-26 14:23:29.058919	4938800
1242	45	20000	0	f	1	95	210	1	2021-08-26 14:23:29.058919	2021-08-26 14:23:29.058919	4938801
1243	45	20000	0	f	1	95	123	1	2021-08-26 14:23:29.058919	2021-08-26 14:23:29.058919	4938802
1244	45	20000	0	f	1	95	132	1	2021-08-26 14:23:29.058919	2021-08-26 14:23:29.058919	4938803
1245	45	20000	0	f	1	95	213	1	2021-08-26 14:23:29.058919	2021-08-26 14:23:29.058919	4938804
1246	45	20000	0	f	1	95	231	1	2021-08-26 14:23:29.058919	2021-08-26 14:23:29.058919	4938805
1247	45	20000	0	f	1	95	312	1	2021-08-26 14:23:29.058919	2021-08-26 14:23:29.058919	4938806
1248	45	20000	0	f	1	95	321	1	2021-08-26 14:23:29.058919	2021-08-26 14:23:29.058919	4938807
1249	45	20000	0	f	1	95	234	1	2021-08-26 14:23:29.058919	2021-08-26 14:23:29.058919	4938808
1250	45	20000	0	f	1	95	243	1	2021-08-26 14:23:29.058919	2021-08-26 14:23:29.058919	4938809
1251	45	20000	0	f	1	95	324	1	2021-08-26 14:23:29.058919	2021-08-26 14:23:29.058919	4938810
1252	45	20000	0	f	1	95	342	1	2021-08-26 14:23:29.058919	2021-08-26 14:23:29.058919	4938811
1253	45	20000	0	f	1	95	423	1	2021-08-26 14:23:29.058919	2021-08-26 14:23:29.058919	4938812
1254	45	20000	0	f	1	95	432	1	2021-08-26 14:23:29.058919	2021-08-26 14:23:29.058919	4938813
1255	45	20000	0	f	1	95	345	1	2021-08-26 14:23:29.058919	2021-08-26 14:23:29.058919	4938814
1256	45	20000	0	f	1	95	354	1	2021-08-26 14:23:29.058919	2021-08-26 14:23:29.058919	4938815
1257	45	20000	0	f	1	95	435	1	2021-08-26 14:23:29.058919	2021-08-26 14:23:29.058919	4938816
1258	45	20000	0	f	1	95	453	1	2021-08-26 14:23:29.058919	2021-08-26 14:23:29.058919	4938817
1259	45	20000	0	f	1	95	534	1	2021-08-26 14:23:29.058919	2021-08-26 14:23:29.058919	4938818
1260	45	20000	0	f	1	95	543	1	2021-08-26 14:23:29.058919	2021-08-26 14:23:29.058919	4938819
1261	45	20000	0	f	1	95	456	1	2021-08-26 14:23:29.058919	2021-08-26 14:23:29.058919	4938820
1262	45	20000	0	f	1	95	465	1	2021-08-26 14:23:29.058919	2021-08-26 14:23:29.058919	4938821
1263	45	20000	0	f	1	95	546	1	2021-08-26 14:23:29.058919	2021-08-26 14:23:29.058919	4938822
1264	45	20000	0	f	1	95	564	1	2021-08-26 14:23:29.058919	2021-08-26 14:23:29.058919	4938823
1265	45	20000	0	f	1	95	645	1	2021-08-26 14:23:29.058919	2021-08-26 14:23:29.058919	4938824
1266	45	20000	0	f	1	95	654	1	2021-08-26 14:23:29.058919	2021-08-26 14:23:29.058919	4938825
1267	45	20000	0	f	1	95	567	1	2021-08-26 14:23:29.058919	2021-08-26 14:23:29.058919	4938826
1268	45	20000	0	f	1	95	576	1	2021-08-26 14:23:29.058919	2021-08-26 14:23:29.058919	4938827
1269	45	20000	0	f	1	95	657	1	2021-08-26 14:23:29.058919	2021-08-26 14:23:29.058919	4938828
1270	45	20000	0	f	1	95	675	1	2021-08-26 14:23:29.058919	2021-08-26 14:23:29.058919	4938829
1271	45	20000	0	f	1	95	756	1	2021-08-26 14:23:29.058919	2021-08-26 14:23:29.058919	4938830
1272	45	20000	0	f	1	95	765	1	2021-08-26 14:23:29.058919	2021-08-26 14:23:29.058919	4938831
1273	45	20000	0	f	1	95	678	1	2021-08-26 14:23:29.058919	2021-08-26 14:23:29.058919	4938832
1274	45	20000	0	f	1	95	687	1	2021-08-26 14:23:29.058919	2021-08-26 14:23:29.058919	4938833
1275	45	20000	0	f	1	95	768	1	2021-08-26 14:23:29.058919	2021-08-26 14:23:29.058919	4938834
1276	45	20000	0	f	1	95	786	1	2021-08-26 14:23:29.058919	2021-08-26 14:23:29.058919	4938835
1277	45	20000	0	f	1	95	867	1	2021-08-26 14:23:29.058919	2021-08-26 14:23:29.058919	4938836
1278	45	20000	0	f	1	95	876	1	2021-08-26 14:23:29.058919	2021-08-26 14:23:29.058919	4938837
1279	45	20000	0	f	1	95	789	1	2021-08-26 14:23:29.058919	2021-08-26 14:23:29.058919	4938838
1280	45	20000	0	f	1	95	798	1	2021-08-26 14:23:29.058919	2021-08-26 14:23:29.058919	4938839
1281	45	20000	0	f	1	95	879	1	2021-08-26 14:23:29.058919	2021-08-26 14:23:29.058919	4938840
1282	45	20000	0	f	1	95	897	1	2021-08-26 14:23:29.058919	2021-08-26 14:23:29.058919	4938841
1283	45	20000	0	f	1	95	978	1	2021-08-26 14:23:29.058919	2021-08-26 14:23:29.058919	4938842
1284	45	20000	0	f	1	95	987	1	2021-08-26 14:23:29.058919	2021-08-26 14:23:29.058919	4938843
1285	45	20000	0	f	1	95	089	1	2021-08-26 14:23:29.058919	2021-08-26 14:23:29.058919	4938844
1286	45	20000	0	f	1	95	098	1	2021-08-26 14:23:29.058919	2021-08-26 14:23:29.058919	4938845
1287	45	20000	0	f	1	95	809	1	2021-08-26 14:23:29.058919	2021-08-26 14:23:29.058919	4938846
1288	45	20000	0	f	1	95	890	1	2021-08-26 14:23:29.058919	2021-08-26 14:23:29.058919	4938847
1289	45	20000	0	f	1	95	908	1	2021-08-26 14:23:29.058919	2021-08-26 14:23:29.058919	4938848
1290	45	20000	0	f	1	95	980	1	2021-08-26 14:23:29.058919	2021-08-26 14:23:29.058919	4938849
1291	45	20000	0	f	1	95	100	1	2021-08-26 14:23:29.058919	2021-08-26 14:23:29.058919	4938850
1292	45	20000	0	f	1	95	200	1	2021-08-26 14:23:29.058919	2021-08-26 14:23:29.058919	4938851
1293	45	20000	0	f	1	95	300	1	2021-08-26 14:23:29.058919	2021-08-26 14:23:29.058919	4938852
1294	45	20000	0	f	1	95	400	1	2021-08-26 14:23:29.058919	2021-08-26 14:23:29.058919	4938853
1295	45	20000	0	f	1	95	500	1	2021-08-26 14:23:29.058919	2021-08-26 14:23:29.058919	4938854
1296	45	20000	0	f	1	95	600	1	2021-08-26 14:23:29.058919	2021-08-26 14:23:29.058919	4938855
1297	45	20000	0	f	1	95	700	1	2021-08-26 14:23:29.058919	2021-08-26 14:23:29.058919	4938856
1298	45	20000	0	f	1	95	800	1	2021-08-26 14:23:29.058919	2021-08-26 14:23:29.058919	4938857
1299	45	20000	0	f	1	95	900	1	2021-08-26 14:23:29.058919	2021-08-26 14:23:29.058919	4938858
1300	45	20000	0	f	1	96	012	1	2021-08-26 14:23:29.058919	2021-08-26 14:23:29.058919	4938859
1301	45	20000	0	f	1	96	021	1	2021-08-26 14:23:29.058919	2021-08-26 14:23:29.058919	4938860
1302	45	20000	0	f	1	96	102	1	2021-08-26 14:23:29.058919	2021-08-26 14:23:29.058919	4938861
1303	45	20000	0	f	1	96	120	1	2021-08-26 14:23:29.058919	2021-08-26 14:23:29.058919	4938862
1304	45	20000	0	f	1	96	201	1	2021-08-26 14:23:29.058919	2021-08-26 14:23:29.058919	4938863
1305	45	20000	0	f	1	96	210	1	2021-08-26 14:23:29.058919	2021-08-26 14:23:29.058919	4938864
1306	45	20000	0	f	1	96	123	1	2021-08-26 14:23:29.058919	2021-08-26 14:23:29.058919	4938865
1307	45	20000	0	f	1	96	132	1	2021-08-26 14:23:29.058919	2021-08-26 14:23:29.058919	4938866
1308	45	20000	0	f	1	96	213	1	2021-08-26 14:23:29.058919	2021-08-26 14:23:29.058919	4938867
1309	45	20000	0	f	1	96	231	1	2021-08-26 14:23:29.058919	2021-08-26 14:23:29.058919	4938868
1310	45	20000	0	f	1	96	312	1	2021-08-26 14:23:29.058919	2021-08-26 14:23:29.058919	4938869
1311	45	20000	0	f	1	96	321	1	2021-08-26 14:23:29.058919	2021-08-26 14:23:29.058919	4938870
1312	45	20000	0	f	1	96	234	1	2021-08-26 14:23:29.058919	2021-08-26 14:23:29.058919	4938871
1313	45	20000	0	f	1	96	243	1	2021-08-26 14:23:29.058919	2021-08-26 14:23:29.058919	4938872
1314	45	20000	0	f	1	96	324	1	2021-08-26 14:23:29.058919	2021-08-26 14:23:29.058919	4938873
1315	45	20000	0	f	1	96	342	1	2021-08-26 14:23:29.058919	2021-08-26 14:23:29.058919	4938874
1316	45	20000	0	f	1	96	423	1	2021-08-26 14:23:29.058919	2021-08-26 14:23:29.058919	4938875
1317	45	20000	0	f	1	96	432	1	2021-08-26 14:23:29.058919	2021-08-26 14:23:29.058919	4938876
1318	45	20000	0	f	1	96	345	1	2021-08-26 14:23:29.058919	2021-08-26 14:23:29.058919	4938877
1319	45	20000	0	f	1	96	354	1	2021-08-26 14:23:29.058919	2021-08-26 14:23:29.058919	4938878
1320	45	20000	0	f	1	96	435	1	2021-08-26 14:23:29.058919	2021-08-26 14:23:29.058919	4938879
1321	45	20000	0	f	1	96	453	1	2021-08-26 14:23:29.058919	2021-08-26 14:23:29.058919	4938880
1322	45	20000	0	f	1	96	534	1	2021-08-26 14:23:29.058919	2021-08-26 14:23:29.058919	4938881
1323	45	20000	0	f	1	96	543	1	2021-08-26 14:23:29.058919	2021-08-26 14:23:29.058919	4938882
1324	45	20000	0	f	1	96	456	1	2021-08-26 14:23:29.058919	2021-08-26 14:23:29.058919	4938883
1325	45	20000	0	f	1	96	465	1	2021-08-26 14:23:29.058919	2021-08-26 14:23:29.058919	4938884
1326	45	20000	0	f	1	96	546	1	2021-08-26 14:23:29.058919	2021-08-26 14:23:29.058919	4938885
1327	45	20000	0	f	1	96	564	1	2021-08-26 14:23:29.058919	2021-08-26 14:23:29.058919	4938886
1328	45	20000	0	f	1	96	645	1	2021-08-26 14:23:29.058919	2021-08-26 14:23:29.058919	4938887
1329	45	20000	0	f	1	96	654	1	2021-08-26 14:23:29.058919	2021-08-26 14:23:29.058919	4938888
1330	45	20000	0	f	1	96	567	1	2021-08-26 14:23:29.058919	2021-08-26 14:23:29.058919	4938889
1331	45	20000	0	f	1	96	576	1	2021-08-26 14:23:29.058919	2021-08-26 14:23:29.058919	4938890
1332	45	20000	0	f	1	96	657	1	2021-08-26 14:23:29.058919	2021-08-26 14:23:29.058919	4938891
1333	45	20000	0	f	1	96	675	1	2021-08-26 14:23:29.058919	2021-08-26 14:23:29.058919	4938892
1334	45	20000	0	f	1	96	756	1	2021-08-26 14:23:29.058919	2021-08-26 14:23:29.058919	4938893
1335	45	20000	0	f	1	96	765	1	2021-08-26 14:23:29.058919	2021-08-26 14:23:29.058919	4938894
1336	45	20000	0	f	1	96	678	1	2021-08-26 14:23:29.058919	2021-08-26 14:23:29.058919	4938895
1337	45	20000	0	f	1	96	687	1	2021-08-26 14:23:29.058919	2021-08-26 14:23:29.058919	4938896
1338	45	20000	0	f	1	96	768	1	2021-08-26 14:23:29.058919	2021-08-26 14:23:29.058919	4938897
1339	45	20000	0	f	1	96	786	1	2021-08-26 14:23:29.058919	2021-08-26 14:23:29.058919	4938898
1340	45	20000	0	f	1	96	867	1	2021-08-26 14:23:29.058919	2021-08-26 14:23:29.058919	4938899
1341	45	20000	0	f	1	96	876	1	2021-08-26 14:23:29.058919	2021-08-26 14:23:29.058919	4938900
1342	45	20000	0	f	1	96	789	1	2021-08-26 14:23:29.058919	2021-08-26 14:23:29.058919	4938901
1343	45	20000	0	f	1	96	798	1	2021-08-26 14:23:29.058919	2021-08-26 14:23:29.058919	4938902
1344	45	20000	0	f	1	96	879	1	2021-08-26 14:23:29.058919	2021-08-26 14:23:29.058919	4938903
1345	45	20000	0	f	1	96	897	1	2021-08-26 14:23:29.058919	2021-08-26 14:23:29.058919	4938904
1346	45	20000	0	f	1	96	978	1	2021-08-26 14:23:29.058919	2021-08-26 14:23:29.058919	4938905
1347	45	20000	0	f	1	96	987	1	2021-08-26 14:23:29.058919	2021-08-26 14:23:29.058919	4938906
1348	45	20000	0	f	1	96	089	1	2021-08-26 14:23:29.058919	2021-08-26 14:23:29.058919	4938907
1349	45	20000	0	f	1	96	098	1	2021-08-26 14:23:29.058919	2021-08-26 14:23:29.058919	4938908
1350	45	20000	0	f	1	96	809	1	2021-08-26 14:23:29.058919	2021-08-26 14:23:29.058919	4938909
1351	45	20000	0	f	1	96	890	1	2021-08-26 14:23:29.058919	2021-08-26 14:23:29.058919	4938910
1352	45	20000	0	f	1	96	908	1	2021-08-26 14:23:29.058919	2021-08-26 14:23:29.058919	4938911
1353	45	20000	0	f	1	96	980	1	2021-08-26 14:23:29.058919	2021-08-26 14:23:29.058919	4938912
1354	45	20000	0	f	1	96	100	1	2021-08-26 14:23:29.058919	2021-08-26 14:23:29.058919	4938913
1355	45	20000	0	f	1	96	200	1	2021-08-26 14:23:29.058919	2021-08-26 14:23:29.058919	4938914
1356	45	20000	0	f	1	96	300	1	2021-08-26 14:23:29.058919	2021-08-26 14:23:29.058919	4938915
1357	45	20000	0	f	1	96	400	1	2021-08-26 14:23:29.058919	2021-08-26 14:23:29.058919	4938916
1358	45	20000	0	f	1	96	500	1	2021-08-26 14:23:29.058919	2021-08-26 14:23:29.058919	4938917
1359	45	20000	0	f	1	96	600	1	2021-08-26 14:23:29.058919	2021-08-26 14:23:29.058919	4938918
1360	45	20000	0	f	1	96	700	1	2021-08-26 14:23:29.058919	2021-08-26 14:23:29.058919	4938919
1361	45	20000	0	f	1	96	800	1	2021-08-26 14:23:29.058919	2021-08-26 14:23:29.058919	4938920
1362	45	20000	0	f	1	96	900	1	2021-08-26 14:23:29.058919	2021-08-26 14:23:29.058919	4938921
1363	45	20000	0	f	1	97	012	1	2021-08-26 14:23:29.058919	2021-08-26 14:23:29.058919	4938922
1364	45	20000	0	f	1	97	021	1	2021-08-26 14:23:29.058919	2021-08-26 14:23:29.058919	4938923
1365	45	20000	0	f	1	97	102	1	2021-08-26 14:23:29.058919	2021-08-26 14:23:29.058919	4938924
1366	45	20000	0	f	1	97	120	1	2021-08-26 14:23:29.058919	2021-08-26 14:23:29.058919	4938925
1367	45	20000	0	f	1	97	201	1	2021-08-26 14:23:29.058919	2021-08-26 14:23:29.058919	4938926
1368	45	20000	0	f	1	97	210	1	2021-08-26 14:23:29.058919	2021-08-26 14:23:29.058919	4938927
1369	45	20000	0	f	1	97	123	1	2021-08-26 14:23:29.058919	2021-08-26 14:23:29.058919	4938928
1370	45	20000	0	f	1	97	132	1	2021-08-26 14:23:29.058919	2021-08-26 14:23:29.058919	4938929
1371	45	20000	0	f	1	97	213	1	2021-08-26 14:23:29.058919	2021-08-26 14:23:29.058919	4938930
1372	45	20000	0	f	1	97	231	1	2021-08-26 14:23:29.058919	2021-08-26 14:23:29.058919	4938931
1373	45	20000	0	f	1	97	312	1	2021-08-26 14:23:29.058919	2021-08-26 14:23:29.058919	4938932
1374	45	20000	0	f	1	97	321	1	2021-08-26 14:23:29.058919	2021-08-26 14:23:29.058919	4938933
1375	45	20000	0	f	1	97	234	1	2021-08-26 14:23:29.058919	2021-08-26 14:23:29.058919	4938934
1376	45	20000	0	f	1	97	243	1	2021-08-26 14:23:29.058919	2021-08-26 14:23:29.058919	4938935
1377	45	20000	0	f	1	97	324	1	2021-08-26 14:23:29.058919	2021-08-26 14:23:29.058919	4938936
1378	45	20000	0	f	1	97	342	1	2021-08-26 14:23:29.058919	2021-08-26 14:23:29.058919	4938937
1379	45	20000	0	f	1	97	423	1	2021-08-26 14:23:29.058919	2021-08-26 14:23:29.058919	4938938
1380	45	20000	0	f	1	97	432	1	2021-08-26 14:23:29.058919	2021-08-26 14:23:29.058919	4938939
1381	45	20000	0	f	1	97	345	1	2021-08-26 14:23:29.058919	2021-08-26 14:23:29.058919	4938940
1382	45	20000	0	f	1	97	354	1	2021-08-26 14:23:29.058919	2021-08-26 14:23:29.058919	4938941
1383	45	20000	0	f	1	97	435	1	2021-08-26 14:23:29.058919	2021-08-26 14:23:29.058919	4938942
1384	45	20000	0	f	1	97	453	1	2021-08-26 14:23:29.058919	2021-08-26 14:23:29.058919	4938943
1385	45	20000	0	f	1	97	534	1	2021-08-26 14:23:29.058919	2021-08-26 14:23:29.058919	4938944
1386	45	20000	0	f	1	97	543	1	2021-08-26 14:23:29.058919	2021-08-26 14:23:29.058919	4938945
1387	45	20000	0	f	1	97	456	1	2021-08-26 14:23:29.058919	2021-08-26 14:23:29.058919	4938946
1388	45	20000	0	f	1	97	465	1	2021-08-26 14:23:29.058919	2021-08-26 14:23:29.058919	4938947
1389	45	20000	0	f	1	97	546	1	2021-08-26 14:23:29.058919	2021-08-26 14:23:29.058919	4938948
1390	45	20000	0	f	1	97	564	1	2021-08-26 14:23:29.058919	2021-08-26 14:23:29.058919	4938949
1391	45	20000	0	f	1	97	645	1	2021-08-26 14:23:29.058919	2021-08-26 14:23:29.058919	4938950
1392	45	20000	0	f	1	97	654	1	2021-08-26 14:23:29.058919	2021-08-26 14:23:29.058919	4938951
1393	45	20000	0	f	1	97	567	1	2021-08-26 14:23:29.058919	2021-08-26 14:23:29.058919	4938952
1394	45	20000	0	f	1	97	576	1	2021-08-26 14:23:29.058919	2021-08-26 14:23:29.058919	4938953
1395	45	20000	0	f	1	97	657	1	2021-08-26 14:23:29.058919	2021-08-26 14:23:29.058919	4938954
1396	45	20000	0	f	1	97	675	1	2021-08-26 14:23:29.058919	2021-08-26 14:23:29.058919	4938955
1397	45	20000	0	f	1	97	756	1	2021-08-26 14:23:29.058919	2021-08-26 14:23:29.058919	4938956
1398	45	20000	0	f	1	97	765	1	2021-08-26 14:23:29.058919	2021-08-26 14:23:29.058919	4938957
1399	45	20000	0	f	1	97	678	1	2021-08-26 14:23:29.058919	2021-08-26 14:23:29.058919	4938958
1400	45	20000	0	f	1	97	687	1	2021-08-26 14:23:29.058919	2021-08-26 14:23:29.058919	4938959
1401	45	20000	0	f	1	97	768	1	2021-08-26 14:23:29.058919	2021-08-26 14:23:29.058919	4938960
1402	45	20000	0	f	1	97	786	1	2021-08-26 14:23:29.058919	2021-08-26 14:23:29.058919	4938961
1403	45	20000	0	f	1	97	867	1	2021-08-26 14:23:29.058919	2021-08-26 14:23:29.058919	4938962
1404	45	20000	0	f	1	97	876	1	2021-08-26 14:23:29.058919	2021-08-26 14:23:29.058919	4938963
1405	45	20000	0	f	1	97	789	1	2021-08-26 14:23:29.058919	2021-08-26 14:23:29.058919	4938964
1406	45	20000	0	f	1	97	798	1	2021-08-26 14:23:29.058919	2021-08-26 14:23:29.058919	4938965
1407	45	20000	0	f	1	97	879	1	2021-08-26 14:23:29.058919	2021-08-26 14:23:29.058919	4938966
1408	45	20000	0	f	1	97	897	1	2021-08-26 14:23:29.058919	2021-08-26 14:23:29.058919	4938967
1409	45	20000	0	f	1	97	978	1	2021-08-26 14:23:29.058919	2021-08-26 14:23:29.058919	4938968
1410	45	20000	0	f	1	97	987	1	2021-08-26 14:23:29.058919	2021-08-26 14:23:29.058919	4938969
1411	45	20000	0	f	1	97	089	1	2021-08-26 14:23:29.058919	2021-08-26 14:23:29.058919	4938970
1412	45	20000	0	f	1	97	098	1	2021-08-26 14:23:29.058919	2021-08-26 14:23:29.058919	4938971
1413	45	20000	0	f	1	97	809	1	2021-08-26 14:23:29.058919	2021-08-26 14:23:29.058919	4938972
1414	45	20000	0	f	1	97	890	1	2021-08-26 14:23:29.058919	2021-08-26 14:23:29.058919	4938973
1415	45	20000	0	f	1	97	908	1	2021-08-26 14:23:29.058919	2021-08-26 14:23:29.058919	4938974
1416	45	20000	0	f	1	97	980	1	2021-08-26 14:23:29.058919	2021-08-26 14:23:29.058919	4938975
1417	45	20000	0	f	1	97	100	1	2021-08-26 14:23:29.058919	2021-08-26 14:23:29.058919	4938976
1418	45	20000	0	f	1	97	200	1	2021-08-26 14:23:29.058919	2021-08-26 14:23:29.058919	4938977
1419	45	20000	0	f	1	97	300	1	2021-08-26 14:23:29.058919	2021-08-26 14:23:29.058919	4938978
1420	45	20000	0	f	1	97	400	1	2021-08-26 14:23:29.058919	2021-08-26 14:23:29.058919	4938979
1421	45	20000	0	f	1	97	500	1	2021-08-26 14:23:29.058919	2021-08-26 14:23:29.058919	4938980
1422	45	20000	0	f	1	97	600	1	2021-08-26 14:23:29.058919	2021-08-26 14:23:29.058919	4938981
1423	45	20000	0	f	1	97	700	1	2021-08-26 14:23:29.058919	2021-08-26 14:23:29.058919	4938982
1424	45	20000	0	f	1	97	800	1	2021-08-26 14:23:29.058919	2021-08-26 14:23:29.058919	4938983
1425	45	20000	0	f	1	97	900	1	2021-08-26 14:23:29.058919	2021-08-26 14:23:29.058919	4938984
1426	45	20000	0	f	1	98	012	1	2021-08-26 14:23:29.058919	2021-08-26 14:23:29.058919	4938985
1427	45	20000	0	f	1	98	021	1	2021-08-26 14:23:29.058919	2021-08-26 14:23:29.058919	4938986
1428	45	20000	0	f	1	98	102	1	2021-08-26 14:23:29.058919	2021-08-26 14:23:29.058919	4938987
1429	45	20000	0	f	1	98	120	1	2021-08-26 14:23:29.058919	2021-08-26 14:23:29.058919	4938988
1430	45	20000	0	f	1	98	201	1	2021-08-26 14:23:29.058919	2021-08-26 14:23:29.058919	4938989
1431	45	20000	0	f	1	98	210	1	2021-08-26 14:23:29.058919	2021-08-26 14:23:29.058919	4938990
1432	45	20000	0	f	1	98	123	1	2021-08-26 14:23:29.058919	2021-08-26 14:23:29.058919	4938991
1433	45	20000	0	f	1	98	132	1	2021-08-26 14:23:29.058919	2021-08-26 14:23:29.058919	4938992
1434	45	20000	0	f	1	98	213	1	2021-08-26 14:23:29.058919	2021-08-26 14:23:29.058919	4938993
1435	45	20000	0	f	1	98	231	1	2021-08-26 14:23:29.058919	2021-08-26 14:23:29.058919	4938994
1436	45	20000	0	f	1	98	312	1	2021-08-26 14:23:29.058919	2021-08-26 14:23:29.058919	4938995
1437	45	20000	0	f	1	98	321	1	2021-08-26 14:23:29.058919	2021-08-26 14:23:29.058919	4938996
1438	45	20000	0	f	1	98	234	1	2021-08-26 14:23:29.058919	2021-08-26 14:23:29.058919	4938997
1439	45	20000	0	f	1	98	243	1	2021-08-26 14:23:29.058919	2021-08-26 14:23:29.058919	4938998
1440	45	20000	0	f	1	98	324	1	2021-08-26 14:23:29.058919	2021-08-26 14:23:29.058919	4938999
1441	45	20000	0	f	1	98	342	1	2021-08-26 14:23:29.058919	2021-08-26 14:23:29.058919	4939000
1442	45	20000	0	f	1	98	423	1	2021-08-26 14:23:29.058919	2021-08-26 14:23:29.058919	4939001
1443	45	20000	0	f	1	98	432	1	2021-08-26 14:23:29.058919	2021-08-26 14:23:29.058919	4939002
1444	45	20000	0	f	1	98	345	1	2021-08-26 14:23:29.058919	2021-08-26 14:23:29.058919	4939003
1445	45	20000	0	f	1	98	354	1	2021-08-26 14:23:29.058919	2021-08-26 14:23:29.058919	4939004
1446	45	20000	0	f	1	98	435	1	2021-08-26 14:23:29.058919	2021-08-26 14:23:29.058919	4939005
1447	45	20000	0	f	1	98	453	1	2021-08-26 14:23:29.058919	2021-08-26 14:23:29.058919	4939006
1448	45	20000	0	f	1	98	534	1	2021-08-26 14:23:29.058919	2021-08-26 14:23:29.058919	4939007
1449	45	20000	0	f	1	98	543	1	2021-08-26 14:23:29.058919	2021-08-26 14:23:29.058919	4939008
1450	45	20000	0	f	1	98	456	1	2021-08-26 14:23:29.058919	2021-08-26 14:23:29.058919	4939009
1451	45	20000	0	f	1	98	465	1	2021-08-26 14:23:29.058919	2021-08-26 14:23:29.058919	4939010
1452	45	20000	0	f	1	98	546	1	2021-08-26 14:23:29.058919	2021-08-26 14:23:29.058919	4939011
1453	45	20000	0	f	1	98	564	1	2021-08-26 14:23:29.058919	2021-08-26 14:23:29.058919	4939012
1454	45	20000	0	f	1	98	645	1	2021-08-26 14:23:29.058919	2021-08-26 14:23:29.058919	4939013
1455	45	20000	0	f	1	98	654	1	2021-08-26 14:23:29.058919	2021-08-26 14:23:29.058919	4939014
1456	45	20000	0	f	1	98	567	1	2021-08-26 14:23:29.058919	2021-08-26 14:23:29.058919	4939015
1457	45	20000	0	f	1	98	576	1	2021-08-26 14:23:29.058919	2021-08-26 14:23:29.058919	4939016
1458	45	20000	0	f	1	98	657	1	2021-08-26 14:23:29.058919	2021-08-26 14:23:29.058919	4939017
1459	45	20000	0	f	1	98	675	1	2021-08-26 14:23:29.058919	2021-08-26 14:23:29.058919	4939018
1460	45	20000	0	f	1	98	756	1	2021-08-26 14:23:29.058919	2021-08-26 14:23:29.058919	4939019
1461	45	20000	0	f	1	98	765	1	2021-08-26 14:23:29.058919	2021-08-26 14:23:29.058919	4939020
1462	45	20000	0	f	1	98	678	1	2021-08-26 14:23:29.058919	2021-08-26 14:23:29.058919	4939021
1463	45	20000	0	f	1	98	687	1	2021-08-26 14:23:29.058919	2021-08-26 14:23:29.058919	4939022
1464	45	20000	0	f	1	98	768	1	2021-08-26 14:23:29.058919	2021-08-26 14:23:29.058919	4939023
1465	45	20000	0	f	1	98	786	1	2021-08-26 14:23:29.058919	2021-08-26 14:23:29.058919	4939024
1466	45	20000	0	f	1	98	867	1	2021-08-26 14:23:29.058919	2021-08-26 14:23:29.058919	4939025
1467	45	20000	0	f	1	98	876	1	2021-08-26 14:23:29.058919	2021-08-26 14:23:29.058919	4939026
1468	45	20000	0	f	1	98	789	1	2021-08-26 14:23:29.058919	2021-08-26 14:23:29.058919	4939027
1469	45	20000	0	f	1	98	798	1	2021-08-26 14:23:29.058919	2021-08-26 14:23:29.058919	4939028
1470	45	20000	0	f	1	98	879	1	2021-08-26 14:23:29.058919	2021-08-26 14:23:29.058919	4939029
1471	45	20000	0	f	1	98	897	1	2021-08-26 14:23:29.058919	2021-08-26 14:23:29.058919	4939030
1472	45	20000	0	f	1	98	978	1	2021-08-26 14:23:29.058919	2021-08-26 14:23:29.058919	4939031
1473	45	20000	0	f	1	98	987	1	2021-08-26 14:23:29.058919	2021-08-26 14:23:29.058919	4939032
1474	45	20000	0	f	1	98	089	1	2021-08-26 14:23:29.058919	2021-08-26 14:23:29.058919	4939033
1475	45	20000	0	f	1	98	098	1	2021-08-26 14:23:29.058919	2021-08-26 14:23:29.058919	4939034
1476	45	20000	0	f	1	98	809	1	2021-08-26 14:23:29.058919	2021-08-26 14:23:29.058919	4939035
1477	45	20000	0	f	1	98	890	1	2021-08-26 14:23:29.058919	2021-08-26 14:23:29.058919	4939036
1478	45	20000	0	f	1	98	908	1	2021-08-26 14:23:29.058919	2021-08-26 14:23:29.058919	4939037
1479	45	20000	0	f	1	98	980	1	2021-08-26 14:23:29.058919	2021-08-26 14:23:29.058919	4939038
1480	45	20000	0	f	1	98	100	1	2021-08-26 14:23:29.058919	2021-08-26 14:23:29.058919	4939039
1481	45	20000	0	f	1	98	200	1	2021-08-26 14:23:29.058919	2021-08-26 14:23:29.058919	4939040
1482	45	20000	0	f	1	98	300	1	2021-08-26 14:23:29.058919	2021-08-26 14:23:29.058919	4939041
1483	45	20000	0	f	1	98	400	1	2021-08-26 14:23:29.058919	2021-08-26 14:23:29.058919	4939042
1484	45	20000	0	f	1	98	500	1	2021-08-26 14:23:29.058919	2021-08-26 14:23:29.058919	4939043
1485	45	20000	0	f	1	98	600	1	2021-08-26 14:23:29.058919	2021-08-26 14:23:29.058919	4939044
1486	45	20000	0	f	1	98	700	1	2021-08-26 14:23:29.058919	2021-08-26 14:23:29.058919	4939045
1487	45	20000	0	f	1	98	800	1	2021-08-26 14:23:29.058919	2021-08-26 14:23:29.058919	4939046
1488	45	20000	0	f	1	98	900	1	2021-08-26 14:23:29.058919	2021-08-26 14:23:29.058919	4939047
1489	45	20000	0	f	1	99	012	1	2021-08-26 14:23:29.058919	2021-08-26 14:23:29.058919	4939048
1490	45	20000	0	f	1	99	021	1	2021-08-26 14:23:29.058919	2021-08-26 14:23:29.058919	4939049
1491	45	20000	0	f	1	99	102	1	2021-08-26 14:23:29.058919	2021-08-26 14:23:29.058919	4939050
1492	45	20000	0	f	1	99	120	1	2021-08-26 14:23:29.058919	2021-08-26 14:23:29.058919	4939051
1493	45	20000	0	f	1	99	201	1	2021-08-26 14:23:29.058919	2021-08-26 14:23:29.058919	4939052
1494	45	20000	0	f	1	99	210	1	2021-08-26 14:23:29.058919	2021-08-26 14:23:29.058919	4939053
1495	45	20000	0	f	1	99	123	1	2021-08-26 14:23:29.058919	2021-08-26 14:23:29.058919	4939054
1496	45	20000	0	f	1	99	132	1	2021-08-26 14:23:29.058919	2021-08-26 14:23:29.058919	4939055
1497	45	20000	0	f	1	99	213	1	2021-08-26 14:23:29.058919	2021-08-26 14:23:29.058919	4939056
1498	45	20000	0	f	1	99	231	1	2021-08-26 14:23:29.058919	2021-08-26 14:23:29.058919	4939057
1499	45	20000	0	f	1	99	312	1	2021-08-26 14:23:29.058919	2021-08-26 14:23:29.058919	4939058
1500	45	20000	0	f	1	99	321	1	2021-08-26 14:23:29.058919	2021-08-26 14:23:29.058919	4939059
1501	45	20000	0	f	1	99	234	1	2021-08-26 14:23:29.058919	2021-08-26 14:23:29.058919	4939060
1502	45	20000	0	f	1	99	243	1	2021-08-26 14:23:29.058919	2021-08-26 14:23:29.058919	4939061
1503	45	20000	0	f	1	99	324	1	2021-08-26 14:23:29.058919	2021-08-26 14:23:29.058919	4939062
1504	45	20000	0	f	1	99	342	1	2021-08-26 14:23:29.058919	2021-08-26 14:23:29.058919	4939063
1505	45	20000	0	f	1	99	423	1	2021-08-26 14:23:29.058919	2021-08-26 14:23:29.058919	4939064
1506	45	20000	0	f	1	99	432	1	2021-08-26 14:23:29.058919	2021-08-26 14:23:29.058919	4939065
1507	45	20000	0	f	1	99	345	1	2021-08-26 14:23:29.058919	2021-08-26 14:23:29.058919	4939066
1508	45	20000	0	f	1	99	354	1	2021-08-26 14:23:29.058919	2021-08-26 14:23:29.058919	4939067
1509	45	20000	0	f	1	99	435	1	2021-08-26 14:23:29.058919	2021-08-26 14:23:29.058919	4939068
1510	45	20000	0	f	1	99	453	1	2021-08-26 14:23:29.058919	2021-08-26 14:23:29.058919	4939069
1511	45	20000	0	f	1	99	534	1	2021-08-26 14:23:29.058919	2021-08-26 14:23:29.058919	4939070
1512	45	20000	0	f	1	99	543	1	2021-08-26 14:23:29.058919	2021-08-26 14:23:29.058919	4939071
1513	45	20000	0	f	1	99	456	1	2021-08-26 14:23:29.058919	2021-08-26 14:23:29.058919	4939072
1514	45	20000	0	f	1	99	465	1	2021-08-26 14:23:29.058919	2021-08-26 14:23:29.058919	4939073
1515	45	20000	0	f	1	99	546	1	2021-08-26 14:23:29.058919	2021-08-26 14:23:29.058919	4939074
1516	45	20000	0	f	1	99	564	1	2021-08-26 14:23:29.058919	2021-08-26 14:23:29.058919	4939075
1517	45	20000	0	f	1	99	645	1	2021-08-26 14:23:29.058919	2021-08-26 14:23:29.058919	4939076
1518	45	20000	0	f	1	99	654	1	2021-08-26 14:23:29.058919	2021-08-26 14:23:29.058919	4939077
1519	45	20000	0	f	1	99	567	1	2021-08-26 14:23:29.058919	2021-08-26 14:23:29.058919	4939078
1520	45	20000	0	f	1	99	576	1	2021-08-26 14:23:29.058919	2021-08-26 14:23:29.058919	4939079
1521	45	20000	0	f	1	99	657	1	2021-08-26 14:23:29.058919	2021-08-26 14:23:29.058919	4939080
1522	45	20000	0	f	1	99	675	1	2021-08-26 14:23:29.058919	2021-08-26 14:23:29.058919	4939081
1523	45	20000	0	f	1	99	756	1	2021-08-26 14:23:29.058919	2021-08-26 14:23:29.058919	4939082
1524	45	20000	0	f	1	99	765	1	2021-08-26 14:23:29.058919	2021-08-26 14:23:29.058919	4939083
1525	45	20000	0	f	1	99	678	1	2021-08-26 14:23:29.058919	2021-08-26 14:23:29.058919	4939084
1526	45	20000	0	f	1	99	687	1	2021-08-26 14:23:29.058919	2021-08-26 14:23:29.058919	4939085
1527	45	20000	0	f	1	99	768	1	2021-08-26 14:23:29.058919	2021-08-26 14:23:29.058919	4939086
1528	45	20000	0	f	1	99	786	1	2021-08-26 14:23:29.058919	2021-08-26 14:23:29.058919	4939087
1529	45	20000	0	f	1	99	867	1	2021-08-26 14:23:29.058919	2021-08-26 14:23:29.058919	4939088
1530	45	20000	0	f	1	99	876	1	2021-08-26 14:23:29.058919	2021-08-26 14:23:29.058919	4939089
1531	45	20000	0	f	1	99	789	1	2021-08-26 14:23:29.058919	2021-08-26 14:23:29.058919	4939090
1532	45	20000	0	f	1	99	798	1	2021-08-26 14:23:29.058919	2021-08-26 14:23:29.058919	4939091
1533	45	20000	0	f	1	99	879	1	2021-08-26 14:23:29.058919	2021-08-26 14:23:29.058919	4939092
1534	45	20000	0	f	1	99	897	1	2021-08-26 14:23:29.058919	2021-08-26 14:23:29.058919	4939093
1535	45	20000	0	f	1	99	978	1	2021-08-26 14:23:29.058919	2021-08-26 14:23:29.058919	4939094
1536	45	20000	0	f	1	99	987	1	2021-08-26 14:23:29.058919	2021-08-26 14:23:29.058919	4939095
1537	45	20000	0	f	1	99	089	1	2021-08-26 14:23:29.058919	2021-08-26 14:23:29.058919	4939096
1538	45	20000	0	f	1	99	098	1	2021-08-26 14:23:29.058919	2021-08-26 14:23:29.058919	4939097
1539	45	20000	0	f	1	99	809	1	2021-08-26 14:23:29.058919	2021-08-26 14:23:29.058919	4939098
1540	45	20000	0	f	1	99	890	1	2021-08-26 14:23:29.058919	2021-08-26 14:23:29.058919	4939099
1541	45	20000	0	f	1	99	908	1	2021-08-26 14:23:29.058919	2021-08-26 14:23:29.058919	4939100
1542	45	20000	0	f	1	99	980	1	2021-08-26 14:23:29.058919	2021-08-26 14:23:29.058919	4939101
1543	45	20000	0	f	1	99	100	1	2021-08-26 14:23:29.058919	2021-08-26 14:23:29.058919	4939102
1544	45	20000	0	f	1	99	200	1	2021-08-26 14:23:29.058919	2021-08-26 14:23:29.058919	4939103
1545	45	20000	0	f	1	99	300	1	2021-08-26 14:23:29.058919	2021-08-26 14:23:29.058919	4939104
1546	45	20000	0	f	1	99	400	1	2021-08-26 14:23:29.058919	2021-08-26 14:23:29.058919	4939105
1547	45	20000	0	f	1	99	500	1	2021-08-26 14:23:29.058919	2021-08-26 14:23:29.058919	4939106
1548	45	20000	0	f	1	99	600	1	2021-08-26 14:23:29.058919	2021-08-26 14:23:29.058919	4939107
1549	45	20000	0	f	1	99	700	1	2021-08-26 14:23:29.058919	2021-08-26 14:23:29.058919	4939108
1550	45	20000	0	f	1	99	800	1	2021-08-26 14:23:29.058919	2021-08-26 14:23:29.058919	4939109
1551	45	20000	0	f	1	99	900	1	2021-08-26 14:23:29.058919	2021-08-26 14:23:29.058919	4939110
1552	45	20000	0	f	1	100	012	1	2021-08-26 14:23:29.058919	2021-08-26 14:23:29.058919	4939111
1553	45	20000	0	f	1	100	021	1	2021-08-26 14:23:29.058919	2021-08-26 14:23:29.058919	4939112
1554	45	20000	0	f	1	100	102	1	2021-08-26 14:23:29.058919	2021-08-26 14:23:29.058919	4939113
1555	45	20000	0	f	1	100	120	1	2021-08-26 14:23:29.058919	2021-08-26 14:23:29.058919	4939114
1556	45	20000	0	f	1	100	201	1	2021-08-26 14:23:29.058919	2021-08-26 14:23:29.058919	4939115
1557	45	20000	0	f	1	100	210	1	2021-08-26 14:23:29.058919	2021-08-26 14:23:29.058919	4939116
1558	45	20000	0	f	1	100	123	1	2021-08-26 14:23:29.058919	2021-08-26 14:23:29.058919	4939117
1559	45	20000	0	f	1	100	132	1	2021-08-26 14:23:29.058919	2021-08-26 14:23:29.058919	4939118
1560	45	20000	0	f	1	100	213	1	2021-08-26 14:23:29.058919	2021-08-26 14:23:29.058919	4939119
1561	45	20000	0	f	1	100	231	1	2021-08-26 14:23:29.058919	2021-08-26 14:23:29.058919	4939120
1562	45	20000	0	f	1	100	312	1	2021-08-26 14:23:29.058919	2021-08-26 14:23:29.058919	4939121
1563	45	20000	0	f	1	100	321	1	2021-08-26 14:23:29.058919	2021-08-26 14:23:29.058919	4939122
1564	45	20000	0	f	1	100	234	1	2021-08-26 14:23:29.058919	2021-08-26 14:23:29.058919	4939123
1565	45	20000	0	f	1	100	243	1	2021-08-26 14:23:29.058919	2021-08-26 14:23:29.058919	4939124
1566	45	20000	0	f	1	100	324	1	2021-08-26 14:23:29.058919	2021-08-26 14:23:29.058919	4939125
1567	45	20000	0	f	1	100	342	1	2021-08-26 14:23:29.058919	2021-08-26 14:23:29.058919	4939126
1568	45	20000	0	f	1	100	423	1	2021-08-26 14:23:29.058919	2021-08-26 14:23:29.058919	4939127
1569	45	20000	0	f	1	100	432	1	2021-08-26 14:23:29.058919	2021-08-26 14:23:29.058919	4939128
1570	45	20000	0	f	1	100	345	1	2021-08-26 14:23:29.058919	2021-08-26 14:23:29.058919	4939129
1571	45	20000	0	f	1	100	354	1	2021-08-26 14:23:29.058919	2021-08-26 14:23:29.058919	4939130
1572	45	20000	0	f	1	100	435	1	2021-08-26 14:23:29.058919	2021-08-26 14:23:29.058919	4939131
1573	45	20000	0	f	1	100	453	1	2021-08-26 14:23:29.058919	2021-08-26 14:23:29.058919	4939132
1574	45	20000	0	f	1	100	534	1	2021-08-26 14:23:29.058919	2021-08-26 14:23:29.058919	4939133
1575	45	20000	0	f	1	100	543	1	2021-08-26 14:23:29.058919	2021-08-26 14:23:29.058919	4939134
1576	45	20000	0	f	1	100	456	1	2021-08-26 14:23:29.058919	2021-08-26 14:23:29.058919	4939135
1577	45	20000	0	f	1	100	465	1	2021-08-26 14:23:29.058919	2021-08-26 14:23:29.058919	4939136
1578	45	20000	0	f	1	100	546	1	2021-08-26 14:23:29.058919	2021-08-26 14:23:29.058919	4939137
1579	45	20000	0	f	1	100	564	1	2021-08-26 14:23:29.058919	2021-08-26 14:23:29.058919	4939138
1580	45	20000	0	f	1	100	645	1	2021-08-26 14:23:29.058919	2021-08-26 14:23:29.058919	4939139
1581	45	20000	0	f	1	100	654	1	2021-08-26 14:23:29.058919	2021-08-26 14:23:29.058919	4939140
1582	45	20000	0	f	1	100	567	1	2021-08-26 14:23:29.058919	2021-08-26 14:23:29.058919	4939141
1583	45	20000	0	f	1	100	576	1	2021-08-26 14:23:29.058919	2021-08-26 14:23:29.058919	4939142
1584	45	20000	0	f	1	100	657	1	2021-08-26 14:23:29.058919	2021-08-26 14:23:29.058919	4939143
1585	45	20000	0	f	1	100	675	1	2021-08-26 14:23:29.058919	2021-08-26 14:23:29.058919	4939144
1586	45	20000	0	f	1	100	756	1	2021-08-26 14:23:29.058919	2021-08-26 14:23:29.058919	4939145
1587	45	20000	0	f	1	100	765	1	2021-08-26 14:23:29.058919	2021-08-26 14:23:29.058919	4939146
1588	45	20000	0	f	1	100	678	1	2021-08-26 14:23:29.058919	2021-08-26 14:23:29.058919	4939147
1589	45	20000	0	f	1	100	687	1	2021-08-26 14:23:29.058919	2021-08-26 14:23:29.058919	4939148
1590	45	20000	0	f	1	100	768	1	2021-08-26 14:23:29.058919	2021-08-26 14:23:29.058919	4939149
1591	45	20000	0	f	1	100	786	1	2021-08-26 14:23:29.058919	2021-08-26 14:23:29.058919	4939150
1592	45	20000	0	f	1	100	867	1	2021-08-26 14:23:29.058919	2021-08-26 14:23:29.058919	4939151
1593	45	20000	0	f	1	100	876	1	2021-08-26 14:23:29.058919	2021-08-26 14:23:29.058919	4939152
1594	45	20000	0	f	1	100	789	1	2021-08-26 14:23:29.058919	2021-08-26 14:23:29.058919	4939153
1595	45	20000	0	f	1	100	798	1	2021-08-26 14:23:29.058919	2021-08-26 14:23:29.058919	4939154
1596	45	20000	0	f	1	100	879	1	2021-08-26 14:23:29.058919	2021-08-26 14:23:29.058919	4939155
1597	45	20000	0	f	1	100	897	1	2021-08-26 14:23:29.058919	2021-08-26 14:23:29.058919	4939156
1598	45	20000	0	f	1	100	978	1	2021-08-26 14:23:29.058919	2021-08-26 14:23:29.058919	4939157
1599	45	20000	0	f	1	100	987	1	2021-08-26 14:23:29.058919	2021-08-26 14:23:29.058919	4939158
1600	45	20000	0	f	1	100	089	1	2021-08-26 14:23:29.058919	2021-08-26 14:23:29.058919	4939159
1601	45	20000	0	f	1	100	098	1	2021-08-26 14:23:29.058919	2021-08-26 14:23:29.058919	4939160
1602	45	20000	0	f	1	100	809	1	2021-08-26 14:23:29.058919	2021-08-26 14:23:29.058919	4939161
1603	45	20000	0	f	1	100	890	1	2021-08-26 14:23:29.058919	2021-08-26 14:23:29.058919	4939162
1604	45	20000	0	f	1	100	908	1	2021-08-26 14:23:29.058919	2021-08-26 14:23:29.058919	4939163
1605	45	20000	0	f	1	100	980	1	2021-08-26 14:23:29.058919	2021-08-26 14:23:29.058919	4939164
1606	45	20000	0	f	1	100	100	1	2021-08-26 14:23:29.058919	2021-08-26 14:23:29.058919	4939165
1607	45	20000	0	f	1	100	200	1	2021-08-26 14:23:29.058919	2021-08-26 14:23:29.058919	4939166
1608	45	20000	0	f	1	100	300	1	2021-08-26 14:23:29.058919	2021-08-26 14:23:29.058919	4939167
1609	45	20000	0	f	1	100	400	1	2021-08-26 14:23:29.058919	2021-08-26 14:23:29.058919	4939168
1610	45	20000	0	f	1	100	500	1	2021-08-26 14:23:29.058919	2021-08-26 14:23:29.058919	4939169
1611	45	20000	0	f	1	100	600	1	2021-08-26 14:23:29.058919	2021-08-26 14:23:29.058919	4939170
1612	45	20000	0	f	1	100	700	1	2021-08-26 14:23:29.058919	2021-08-26 14:23:29.058919	4939171
1613	45	20000	0	f	1	100	800	1	2021-08-26 14:23:29.058919	2021-08-26 14:23:29.058919	4939172
1614	45	20000	0	f	1	100	900	1	2021-08-26 14:23:29.058919	2021-08-26 14:23:29.058919	4939173
1615	45	20000	0	f	1	101	012	1	2021-08-26 14:23:29.058919	2021-08-26 14:23:29.058919	4939174
1616	45	20000	0	f	1	101	021	1	2021-08-26 14:23:29.058919	2021-08-26 14:23:29.058919	4939175
1617	45	20000	0	f	1	101	102	1	2021-08-26 14:23:29.058919	2021-08-26 14:23:29.058919	4939176
1618	45	20000	0	f	1	101	120	1	2021-08-26 14:23:29.058919	2021-08-26 14:23:29.058919	4939177
1619	45	20000	0	f	1	101	201	1	2021-08-26 14:23:29.058919	2021-08-26 14:23:29.058919	4939178
1620	45	20000	0	f	1	101	210	1	2021-08-26 14:23:29.058919	2021-08-26 14:23:29.058919	4939179
1621	45	20000	0	f	1	101	123	1	2021-08-26 14:23:29.058919	2021-08-26 14:23:29.058919	4939180
1622	45	20000	0	f	1	101	132	1	2021-08-26 14:23:29.058919	2021-08-26 14:23:29.058919	4939181
1623	45	20000	0	f	1	101	213	1	2021-08-26 14:23:29.058919	2021-08-26 14:23:29.058919	4939182
1624	45	20000	0	f	1	101	231	1	2021-08-26 14:23:29.058919	2021-08-26 14:23:29.058919	4939183
1625	45	20000	0	f	1	101	312	1	2021-08-26 14:23:29.058919	2021-08-26 14:23:29.058919	4939184
1626	45	20000	0	f	1	101	321	1	2021-08-26 14:23:29.058919	2021-08-26 14:23:29.058919	4939185
1627	45	20000	0	f	1	101	234	1	2021-08-26 14:23:29.058919	2021-08-26 14:23:29.058919	4939186
1628	45	20000	0	f	1	101	243	1	2021-08-26 14:23:29.058919	2021-08-26 14:23:29.058919	4939187
1629	45	20000	0	f	1	101	324	1	2021-08-26 14:23:29.058919	2021-08-26 14:23:29.058919	4939188
1630	45	20000	0	f	1	101	342	1	2021-08-26 14:23:29.058919	2021-08-26 14:23:29.058919	4939189
1631	45	20000	0	f	1	101	423	1	2021-08-26 14:23:29.058919	2021-08-26 14:23:29.058919	4939190
1632	45	20000	0	f	1	101	432	1	2021-08-26 14:23:29.058919	2021-08-26 14:23:29.058919	4939191
1633	45	20000	0	f	1	101	345	1	2021-08-26 14:23:29.058919	2021-08-26 14:23:29.058919	4939192
1634	45	20000	0	f	1	101	354	1	2021-08-26 14:23:29.058919	2021-08-26 14:23:29.058919	4939193
1635	45	20000	0	f	1	101	435	1	2021-08-26 14:23:29.058919	2021-08-26 14:23:29.058919	4939194
1636	45	20000	0	f	1	101	453	1	2021-08-26 14:23:29.058919	2021-08-26 14:23:29.058919	4939195
1637	45	20000	0	f	1	101	534	1	2021-08-26 14:23:29.058919	2021-08-26 14:23:29.058919	4939196
1638	45	20000	0	f	1	101	543	1	2021-08-26 14:23:29.058919	2021-08-26 14:23:29.058919	4939197
1639	45	20000	0	f	1	101	456	1	2021-08-26 14:23:29.058919	2021-08-26 14:23:29.058919	4939198
1640	45	20000	0	f	1	101	465	1	2021-08-26 14:23:29.058919	2021-08-26 14:23:29.058919	4939199
1641	45	20000	0	f	1	101	546	1	2021-08-26 14:23:29.058919	2021-08-26 14:23:29.058919	4939200
1642	45	20000	0	f	1	101	564	1	2021-08-26 14:23:29.058919	2021-08-26 14:23:29.058919	4939201
1643	45	20000	0	f	1	101	645	1	2021-08-26 14:23:29.058919	2021-08-26 14:23:29.058919	4939202
1644	45	20000	0	f	1	101	654	1	2021-08-26 14:23:29.058919	2021-08-26 14:23:29.058919	4939203
1645	45	20000	0	f	1	101	567	1	2021-08-26 14:23:29.058919	2021-08-26 14:23:29.058919	4939204
1646	45	20000	0	f	1	101	576	1	2021-08-26 14:23:29.058919	2021-08-26 14:23:29.058919	4939205
1647	45	20000	0	f	1	101	657	1	2021-08-26 14:23:29.058919	2021-08-26 14:23:29.058919	4939206
1648	45	20000	0	f	1	101	675	1	2021-08-26 14:23:29.058919	2021-08-26 14:23:29.058919	4939207
1649	45	20000	0	f	1	101	756	1	2021-08-26 14:23:29.058919	2021-08-26 14:23:29.058919	4939208
1650	45	20000	0	f	1	101	765	1	2021-08-26 14:23:29.058919	2021-08-26 14:23:29.058919	4939209
1651	45	20000	0	f	1	101	678	1	2021-08-26 14:23:29.058919	2021-08-26 14:23:29.058919	4939210
1652	45	20000	0	f	1	101	687	1	2021-08-26 14:23:29.058919	2021-08-26 14:23:29.058919	4939211
1653	45	20000	0	f	1	101	768	1	2021-08-26 14:23:29.058919	2021-08-26 14:23:29.058919	4939212
1654	45	20000	0	f	1	101	786	1	2021-08-26 14:23:29.058919	2021-08-26 14:23:29.058919	4939213
1655	45	20000	0	f	1	101	867	1	2021-08-26 14:23:29.058919	2021-08-26 14:23:29.058919	4939214
1656	45	20000	0	f	1	101	876	1	2021-08-26 14:23:29.058919	2021-08-26 14:23:29.058919	4939215
1657	45	20000	0	f	1	101	789	1	2021-08-26 14:23:29.058919	2021-08-26 14:23:29.058919	4939216
1658	45	20000	0	f	1	101	798	1	2021-08-26 14:23:29.058919	2021-08-26 14:23:29.058919	4939217
1659	45	20000	0	f	1	101	879	1	2021-08-26 14:23:29.058919	2021-08-26 14:23:29.058919	4939218
1660	45	20000	0	f	1	101	897	1	2021-08-26 14:23:29.058919	2021-08-26 14:23:29.058919	4939219
1661	45	20000	0	f	1	101	978	1	2021-08-26 14:23:29.058919	2021-08-26 14:23:29.058919	4939220
1662	45	20000	0	f	1	101	987	1	2021-08-26 14:23:29.058919	2021-08-26 14:23:29.058919	4939221
1663	45	20000	0	f	1	101	089	1	2021-08-26 14:23:29.058919	2021-08-26 14:23:29.058919	4939222
1664	45	20000	0	f	1	101	098	1	2021-08-26 14:23:29.058919	2021-08-26 14:23:29.058919	4939223
1665	45	20000	0	f	1	101	809	1	2021-08-26 14:23:29.058919	2021-08-26 14:23:29.058919	4939224
1666	45	20000	0	f	1	101	890	1	2021-08-26 14:23:29.058919	2021-08-26 14:23:29.058919	4939225
1667	45	20000	0	f	1	101	908	1	2021-08-26 14:23:29.058919	2021-08-26 14:23:29.058919	4939226
1668	45	20000	0	f	1	101	980	1	2021-08-26 14:23:29.058919	2021-08-26 14:23:29.058919	4939227
1669	45	20000	0	f	1	101	100	1	2021-08-26 14:23:29.058919	2021-08-26 14:23:29.058919	4939228
1670	45	20000	0	f	1	101	200	1	2021-08-26 14:23:29.058919	2021-08-26 14:23:29.058919	4939229
1671	45	20000	0	f	1	101	300	1	2021-08-26 14:23:29.058919	2021-08-26 14:23:29.058919	4939230
1672	45	20000	0	f	1	101	400	1	2021-08-26 14:23:29.058919	2021-08-26 14:23:29.058919	4939231
1673	45	20000	0	f	1	101	500	1	2021-08-26 14:23:29.058919	2021-08-26 14:23:29.058919	4939232
1674	45	20000	0	f	1	101	600	1	2021-08-26 14:23:29.058919	2021-08-26 14:23:29.058919	4939233
1675	45	20000	0	f	1	101	700	1	2021-08-26 14:23:29.058919	2021-08-26 14:23:29.058919	4939234
1676	45	20000	0	f	1	101	800	1	2021-08-26 14:23:29.058919	2021-08-26 14:23:29.058919	4939235
1677	45	20000	0	f	1	101	900	1	2021-08-26 14:23:29.058919	2021-08-26 14:23:29.058919	4939236
1678	46	20000000	0	f	1	5	01	1	2021-08-26 15:10:13.857157	2021-08-26 15:10:13.857157	4939237
1679	46	20000000	0	f	1	16	01	1	2021-08-26 15:10:13.857157	2021-08-26 15:10:13.857157	4939238
1680	46	10000000	0	f	1	27	01	1	2021-08-26 15:10:13.857157	2021-08-26 15:10:13.857157	4939239
1681	46	10000000	0	f	1	37	01	1	2021-08-26 15:10:13.857157	2021-08-26 15:10:13.857157	4939240
1682	46	5000000	0	f	1	48	01	1	2021-08-26 15:10:13.857157	2021-08-26 15:10:13.857157	4939241
1683	46	500000	0	f	1	59	01	1	2021-08-26 15:10:13.857157	2021-08-26 15:10:13.857157	4939242
1684	47	20000	0	f	1	93	123	1	2021-08-27 14:40:20.179544	2021-08-27 14:40:20.179544	4939287
1685	47	20000	0	f	1	93	132	1	2021-08-27 14:40:20.179544	2021-08-27 14:40:20.179544	4939288
1686	47	20000	0	f	1	93	213	1	2021-08-27 14:40:20.179544	2021-08-27 14:40:20.179544	4939289
1687	47	20000	0	f	1	93	231	1	2021-08-27 14:40:20.179544	2021-08-27 14:40:20.179544	4939290
1688	47	20000	0	f	1	93	312	1	2021-08-27 14:40:20.179544	2021-08-27 14:40:20.179544	4939291
1689	47	20000	0	f	1	93	321	1	2021-08-27 14:40:20.179544	2021-08-27 14:40:20.179544	4939292
1690	47	20000	0	f	1	93	245	1	2021-08-27 14:40:20.179544	2021-08-27 14:40:20.179544	4939293
1691	47	20000	0	f	1	93	254	1	2021-08-27 14:40:20.179544	2021-08-27 14:40:20.179544	4939294
1692	47	20000	0	f	1	93	425	1	2021-08-27 14:40:20.179544	2021-08-27 14:40:20.179544	4939295
1693	47	20000	0	f	1	93	452	1	2021-08-27 14:40:20.179544	2021-08-27 14:40:20.179544	4939296
1694	47	20000	0	f	1	93	524	1	2021-08-27 14:40:20.179544	2021-08-27 14:40:20.179544	4939297
1695	47	20000	0	f	1	93	542	1	2021-08-27 14:40:20.179544	2021-08-27 14:40:20.179544	4939298
1696	47	20000	0	f	1	93	158	1	2021-08-27 14:40:20.179544	2021-08-27 14:40:20.179544	4939299
1697	47	20000	0	f	1	93	185	1	2021-08-27 14:40:20.179544	2021-08-27 14:40:20.179544	4939300
1698	47	20000	0	f	1	93	518	1	2021-08-27 14:40:20.179544	2021-08-27 14:40:20.179544	4939301
1699	47	20000	0	f	1	93	581	1	2021-08-27 14:40:20.179544	2021-08-27 14:40:20.179544	4939302
1700	47	20000	0	f	1	93	815	1	2021-08-27 14:40:20.179544	2021-08-27 14:40:20.179544	4939303
1701	47	20000	0	f	1	93	851	1	2021-08-27 14:40:20.179544	2021-08-27 14:40:20.179544	4939304
1702	47	20000	0	f	1	93	20	1	2021-08-27 14:40:20.179544	2021-08-27 14:40:20.179544	4939305
1703	48	20000	0	f	1	114	112	1	2021-08-27 14:50:18.368075	2021-08-27 14:50:18.368075	4939306
1704	48	20000	0	f	1	114	212	1	2021-08-27 14:50:18.368075	2021-08-27 14:50:18.368075	4939307
1705	48	20000	0	f	1	114	312	1	2021-08-27 14:50:18.368075	2021-08-27 14:50:18.368075	4939308
1706	48	20000	0	f	1	114	412	1	2021-08-27 14:50:18.368075	2021-08-27 14:50:18.368075	4939309
1707	48	20000	0	f	1	114	512	1	2021-08-27 14:50:18.368075	2021-08-27 14:50:18.368075	4939310
1708	48	20000	0	f	1	114	612	1	2021-08-27 14:50:18.368075	2021-08-27 14:50:18.368075	4939311
1709	48	20000	0	f	1	114	712	1	2021-08-27 14:50:18.368075	2021-08-27 14:50:18.368075	4939312
1710	48	20000	0	f	1	114	812	1	2021-08-27 14:50:18.368075	2021-08-27 14:50:18.368075	4939313
1711	48	20000	0	f	1	114	912	1	2021-08-27 14:50:18.368075	2021-08-27 14:50:18.368075	4939314
1712	49	20000	0	f	1	114	10	1	2021-08-27 14:53:53.028517	2021-08-27 14:53:53.028517	4939315
1713	50	10320000	0	f	1	96	10	1	2021-08-27 18:15:02.122108	2021-08-27 18:15:02.122108	4939316
1714	51	20000	0	f	1	93	000	1	2021-09-10 15:14:23.509387	2021-09-10 15:14:23.509387	4949559
1715	52	20000	0	f	1	93	000	1	2021-09-10 15:15:46.532645	2021-09-10 15:15:46.532645	4949560
1716	52	20000	0	f	1	94	000	1	2021-09-10 15:15:46.532645	2021-09-10 15:15:46.532645	4949561
1717	53	5	0	f	1	179	01	1	2021-11-04 00:34:15.046708	2021-11-04 00:34:15.046708	13268607
1718	53	5	0	f	1	179	02	1	2021-11-04 00:34:15.046708	2021-11-04 00:34:15.046708	13268608
1719	54	1	0	f	1	99	000	1	2021-11-04 21:46:04.017012	2021-11-04 21:46:04.017012	13268609
1720	54	1	0	f	1	100	000	1	2021-11-04 21:46:04.017012	2021-11-04 21:46:04.017012	13268610
1721	54	1	0	f	1	101	000	1	2021-11-04 21:46:04.017012	2021-11-04 21:46:04.017012	13268611
1722	54	1	0	f	1	110	000	1	2021-11-04 21:46:04.017012	2021-11-04 21:46:04.017012	13268612
1723	54	1	0	f	1	111	000	1	2021-11-04 21:46:04.017012	2021-11-04 21:46:04.017012	13268613
1724	54	0.05	0	f	1	114	000	1	2021-11-04 21:46:04.017012	2021-11-04 21:46:04.017012	13268614
1725	54	0.05	0	f	1	117	000	1	2021-11-04 21:46:04.017012	2021-11-04 21:46:04.017012	13268615
1726	54	0.01	0	f	1	120	000	1	2021-11-04 21:46:04.017012	2021-11-04 21:46:04.017012	13268616
1727	54	0.05	0	f	1	128	000	1	2021-11-04 21:46:04.017012	2021-11-04 21:46:04.017012	13268617
1728	54	0.05	0	f	1	129	000	1	2021-11-04 21:46:04.017012	2021-11-04 21:46:04.017012	13268618
1729	54	0.05	0	f	1	133	000	1	2021-11-04 21:46:04.017012	2021-11-04 21:46:04.017012	13268619
1730	54	0.01	0	f	1	138	000	1	2021-11-04 21:46:04.017012	2021-11-04 21:46:04.017012	13268620
1731	54	0.01	0	f	1	139	000	1	2021-11-04 21:46:04.017012	2021-11-04 21:46:04.017012	13268621
1732	54	0.05	0	f	1	149	000	1	2021-11-04 21:46:04.017012	2021-11-04 21:46:04.017012	13268622
1733	54	0.05	0	f	1	150	000	1	2021-11-04 21:46:04.017012	2021-11-04 21:46:04.017012	13268623
1734	54	0.05	0	f	1	151	000	1	2021-11-04 21:46:04.017012	2021-11-04 21:46:04.017012	13268624
1735	54	1	0	f	1	182	000	1	2021-11-04 21:46:04.017012	2021-11-04 21:46:04.017012	13268625
1736	54	1	0	f	1	183	000	1	2021-11-04 21:46:04.017012	2021-11-04 21:46:04.017012	13268626
1737	55	92.09	0	f	1	93	123	1	2021-12-30 15:44:26.815601	2021-12-30 15:44:26.815601	17994520
1738	56	100	0	f	1	99	10	1	2021-12-30 21:42:57.9417	2021-12-30 21:42:57.9417	17994521
1739	57	100	0	f	1	100	69	1	2021-12-30 22:45:29.158585	2021-12-30 22:45:29.158585	18558163
1740	58	100	0	f	1	100	15	1	2021-12-30 22:52:33.300559	2021-12-30 22:52:33.300559	18558164
1741	59	50	0	f	1	100	25	1	2021-12-30 22:54:26.854021	2021-12-30 22:54:26.854021	18558165
1742	60	1	0	f	1	100	25	1	2021-12-30 22:57:50.070567	2021-12-30 22:57:50.070567	18558166
1743	61	1	0	f	1	100	25	1	2021-12-30 22:59:06.334581	2021-12-30 22:59:06.334581	18558167
1744	62	48	0	f	1	101	25	1	2021-12-30 23:10:31.497686	2021-12-30 23:10:31.497686	18558168
1745	63	1	0	f	1	101	25	1	2021-12-30 23:20:21.409052	2021-12-30 23:20:21.409052	18558169
1746	64	100	0	f	1	101	123	1	2021-12-30 23:35:25.76589	2021-12-30 23:35:25.76589	18558170
1747	65	100	0	f	1	101	025	1	2021-12-30 23:46:03.752155	2021-12-30 23:46:03.752155	18558171
1748	66	2	0	f	1	101	25	1	2021-12-30 23:59:03.585257	2021-12-30 23:59:03.585257	18558172
1749	66	2	0	f	1	101	25	1	2021-12-30 23:59:03.585257	2021-12-30 23:59:03.585257	18558173
1750	67	5	0	f	1	101	052	1	2021-12-30 23:59:19.504002	2021-12-30 23:59:19.504002	18558174
1751	67	5	0	f	1	101	205	1	2021-12-30 23:59:19.504002	2021-12-30 23:59:19.504002	18558175
1752	67	5	0	f	1	101	250	1	2021-12-30 23:59:19.504002	2021-12-30 23:59:19.504002	18558176
1753	67	5	0	f	1	101	502	1	2021-12-30 23:59:19.504002	2021-12-30 23:59:19.504002	18558177
1754	67	5	0	f	1	101	520	1	2021-12-30 23:59:19.504002	2021-12-30 23:59:19.504002	18558178
1755	68	70	0	f	1	101	052	1	2021-12-31 01:22:13.668696	2021-12-31 01:22:13.668696	18558179
1756	68	70	0	f	1	101	205	1	2021-12-31 01:22:13.668696	2021-12-31 01:22:13.668696	18558180
1757	68	70	0	f	1	101	250	1	2021-12-31 01:22:13.668696	2021-12-31 01:22:13.668696	18558181
1758	68	70	0	f	1	101	502	1	2021-12-31 01:22:13.668696	2021-12-31 01:22:13.668696	18558182
1759	68	70	0	f	1	101	520	1	2021-12-31 01:22:13.668696	2021-12-31 01:22:13.668696	18558183
1760	69	20	0	f	1	101	052	1	2021-12-31 01:22:31.788149	2021-12-31 01:22:31.788149	18558184
1761	69	20	0	f	1	101	205	1	2021-12-31 01:22:31.788149	2021-12-31 01:22:31.788149	18558185
1762	69	20	0	f	1	101	250	1	2021-12-31 01:22:31.788149	2021-12-31 01:22:31.788149	18558186
1763	69	20	0	f	1	101	502	1	2021-12-31 01:22:31.788149	2021-12-31 01:22:31.788149	18558187
1764	69	20	0	f	1	101	520	1	2021-12-31 01:22:31.788149	2021-12-31 01:22:31.788149	18558188
1765	70	20	0	f	1	101	099	1	2021-12-31 01:37:08.439074	2021-12-31 01:37:08.439074	18558189
1766	71	100	0	f	1	101	525	1	2021-12-31 01:47:36.438622	2021-12-31 01:47:36.438622	18558190
1767	72	100	0	f	1	101	100	1	2021-12-31 01:58:07.485259	2021-12-31 01:58:07.485259	18558191
1768	72	100	0	f	1	101	102	1	2021-12-31 01:58:07.485259	2021-12-31 01:58:07.485259	18558192
1769	73	1	0	f	1	101	001	1	2021-12-31 02:09:20.912661	2021-12-31 02:09:20.912661	18558193
1770	74	1	0	f	1	97	040	1	2022-01-04 19:32:22.223013	2022-01-04 19:32:22.223013	18558210
1771	75	1	0	f	1	97	020	1	2022-01-04 19:44:33.13175	2022-01-04 19:44:33.13175	18558211
1772	76	7	0	f	1	97	050	1	2022-01-04 20:03:30.176205	2022-01-04 20:03:30.176205	18558212
1773	77	64.44	0	f	1	92	020	1	2022-01-05 14:12:02.984308	2022-01-05 14:12:02.984308	18558194
1774	78	2	0	f	1	96	69	1	2022-01-05 18:52:34.16493	2022-01-05 18:52:34.16493	18558201
1775	79	1	0	f	1	96	68	1	2022-01-05 19:01:59.807565	2022-01-05 19:01:59.807565	18558202
1776	80	10	0	f	1	9	01	1	2022-01-05 19:04:41.098273	2022-01-05 19:04:41.098273	18558203
1777	81	9	0	f	1	97	15	1	2022-01-05 19:15:59.471886	2022-01-05 19:15:59.471886	18558205
1778	82	5	0	f	1	97	007	1	2022-01-05 19:35:42.76715	2022-01-05 19:35:42.76715	18558206
1779	83	5	0	f	1	97	007	1	2022-01-05 19:48:23.690902	2022-01-05 19:48:23.690902	18558207
1780	84	5	0	f	1	98	958	1	2022-01-05 19:53:02.229439	2022-01-05 19:53:02.229439	18558208
1781	85	3	0	f	1	166	198	1	2022-01-05 20:09:36.924392	2022-01-05 20:09:36.924392	18558209
1782	86	2	0	f	1	100	995	1	2022-01-05 20:19:31.659235	2022-01-05 20:19:31.659235	18558210
1783	87	100	0	f	1	99	777	1	2022-01-05 20:27:37.9813	2022-01-05 20:27:37.9813	18558211
1784	88	1	0	f	1	10	01	1	2022-01-05 20:48:48.929533	2022-01-05 20:48:48.929533	18558212
1785	89	3	0	f	1	149	150	1	2022-01-05 21:01:29.889768	2022-01-05 21:01:29.889768	18558213
1786	90	5	0	f	1	12	01	1	2022-01-05 22:45:50.183041	2022-01-05 22:45:50.183041	18558214
1787	90	5	0	f	1	33	01	1	2022-01-05 22:45:50.183041	2022-01-05 22:45:50.183041	18558215
1788	90	5	0	f	1	55	01	1	2022-01-05 22:45:50.183041	2022-01-05 22:45:50.183041	18558216
1789	90	5	0	f	1	178	01	1	2022-01-05 22:45:50.183041	2022-01-05 22:45:50.183041	18558217
1790	90	5	0	f	1	179	01	1	2022-01-05 22:45:50.183041	2022-01-05 22:45:50.183041	18558218
1791	90	5	0	f	1	205	01	1	2022-01-05 22:45:50.183041	2022-01-05 22:45:50.183041	18558219
1792	91	10	0	f	1	12	01	1	2022-01-05 22:46:04.271216	2022-01-05 22:46:04.271216	18558220
1793	92	10	0	f	1	12	02	1	2022-01-05 22:47:21.962787	2022-01-05 22:47:21.962787	18558221
1794	92	10	0	f	1	12	03	1	2022-01-05 22:47:21.962787	2022-01-05 22:47:21.962787	18558222
1795	92	10	0	f	1	12	15	1	2022-01-05 22:47:21.962787	2022-01-05 22:47:21.962787	18558223
1796	93	1	0	f	1	12	01	1	2022-01-05 22:48:22.01463	2022-01-05 22:48:22.01463	18558224
1797	94	1	0	f	1	91	111	1	2022-01-06 13:24:01.739722	2022-01-06 13:24:01.739722	18558225
1798	94	1	0	f	1	91	112	1	2022-01-06 13:24:01.739722	2022-01-06 13:24:01.739722	18558226
1799	95	1	0	f	1	92	39	1	2022-01-06 13:59:52.166022	2022-01-06 13:59:52.166022	18558227
1800	95	1	0	f	1	92	40	1	2022-01-06 13:59:52.166022	2022-01-06 13:59:52.166022	18558228
1801	95	1	0	f	1	92	41	1	2022-01-06 13:59:52.166022	2022-01-06 13:59:52.166022	18558229
1802	96	9.9	0	f	1	4	01	1	2022-01-06 14:17:29.236799	2022-01-06 14:17:29.236799	18558230
1803	97	1.02	0	f	1	4	0	1	2022-01-06 14:30:03.376577	2022-01-06 14:30:03.376577	18558231
1804	97	1.02	0	f	1	4	00	1	2022-01-06 14:30:03.376577	2022-01-06 14:30:03.376577	18558232
1805	98	1	0	f	1	92	01	1	2022-01-06 14:36:04.942749	2022-01-06 14:36:04.942749	18558233
1806	98	1	0	f	1	92	001	1	2022-01-06 14:36:04.942749	2022-01-06 14:36:04.942749	18558234
1807	99	1	0	f	1	5	01	1	2022-01-06 14:56:48.828619	2022-01-06 14:56:48.828619	18558235
1808	99	1	0	f	1	5	02	1	2022-01-06 14:56:48.828619	2022-01-06 14:56:48.828619	18558236
1809	99	1	0	f	1	5	03	1	2022-01-06 14:56:48.828619	2022-01-06 14:56:48.828619	18558237
1810	99	1	0	f	1	5	04	1	2022-01-06 14:56:48.828619	2022-01-06 14:56:48.828619	18558238
1811	99	1	0	f	1	5	05	1	2022-01-06 14:56:48.828619	2022-01-06 14:56:48.828619	18558239
1812	99	1	0	f	1	5	06	1	2022-01-06 14:56:48.828619	2022-01-06 14:56:48.828619	18558240
1813	99	1	0	f	1	5	07	1	2022-01-06 14:56:48.828619	2022-01-06 14:56:48.828619	18558241
1814	99	1	0	f	1	5	08	1	2022-01-06 14:56:48.828619	2022-01-06 14:56:48.828619	18558242
1815	99	1	0	f	1	5	09	1	2022-01-06 14:56:48.828619	2022-01-06 14:56:48.828619	18558243
1816	99	1	0	f	1	5	0	1	2022-01-06 14:56:48.828619	2022-01-06 14:56:48.828619	18558244
1817	99	1	0	f	1	5	00	1	2022-01-06 14:56:48.828619	2022-01-06 14:56:48.828619	18558245
1818	100	1	0	f	1	6	01	1	2022-01-06 15:05:48.380041	2022-01-06 15:05:48.380041	18558246
1819	100	1	0	f	1	6	02	1	2022-01-06 15:05:48.380041	2022-01-06 15:05:48.380041	18558247
1820	100	1	0	f	1	6	03	1	2022-01-06 15:05:48.380041	2022-01-06 15:05:48.380041	18558248
1821	100	1	0	f	1	6	04	1	2022-01-06 15:05:48.380041	2022-01-06 15:05:48.380041	18558249
1822	100	1	0	f	1	6	05	1	2022-01-06 15:05:48.380041	2022-01-06 15:05:48.380041	18558250
1823	100	1	0	f	1	6	06	1	2022-01-06 15:05:48.380041	2022-01-06 15:05:48.380041	18558251
1824	100	1	0	f	1	6	07	1	2022-01-06 15:05:48.380041	2022-01-06 15:05:48.380041	18558252
1825	100	1	0	f	1	6	08	1	2022-01-06 15:05:48.380041	2022-01-06 15:05:48.380041	18558253
1826	100	1	0	f	1	6	09	1	2022-01-06 15:05:48.380041	2022-01-06 15:05:48.380041	18558254
1827	100	1	0	f	1	6	10	1	2022-01-06 15:05:48.380041	2022-01-06 15:05:48.380041	18558255
1828	100	1	0	f	1	6	11	1	2022-01-06 15:05:48.380041	2022-01-06 15:05:48.380041	18558256
1829	100	1	0	f	1	6	12	1	2022-01-06 15:05:48.380041	2022-01-06 15:05:48.380041	18558257
1830	100	1	0	f	1	6	13	1	2022-01-06 15:05:48.380041	2022-01-06 15:05:48.380041	18558258
1831	100	1	0	f	1	6	14	1	2022-01-06 15:05:48.380041	2022-01-06 15:05:48.380041	18558259
1832	100	1	0	f	1	6	15	1	2022-01-06 15:05:48.380041	2022-01-06 15:05:48.380041	18558260
1833	100	1	0	f	1	6	16	1	2022-01-06 15:05:48.380041	2022-01-06 15:05:48.380041	18558261
1834	100	1	0	f	1	6	17	1	2022-01-06 15:05:48.380041	2022-01-06 15:05:48.380041	18558262
1835	100	1	0	f	1	6	18	1	2022-01-06 15:05:48.380041	2022-01-06 15:05:48.380041	18558263
1836	100	1	0	f	1	6	19	1	2022-01-06 15:05:48.380041	2022-01-06 15:05:48.380041	18558264
1837	100	1	0	f	1	6	20	1	2022-01-06 15:05:48.380041	2022-01-06 15:05:48.380041	18558265
1838	100	1	0	f	1	6	21	1	2022-01-06 15:05:48.380041	2022-01-06 15:05:48.380041	18558266
1839	100	1	0	f	1	6	22	1	2022-01-06 15:05:48.380041	2022-01-06 15:05:48.380041	18558267
1840	100	1	0	f	1	6	23	1	2022-01-06 15:05:48.380041	2022-01-06 15:05:48.380041	18558268
1841	100	1	0	f	1	6	24	1	2022-01-06 15:05:48.380041	2022-01-06 15:05:48.380041	18558269
1842	100	1	0	f	1	6	25	1	2022-01-06 15:05:48.380041	2022-01-06 15:05:48.380041	18558270
1843	100	1	0	f	1	6	26	1	2022-01-06 15:05:48.380041	2022-01-06 15:05:48.380041	18558271
1844	100	1	0	f	1	6	27	1	2022-01-06 15:05:48.380041	2022-01-06 15:05:48.380041	18558272
1845	100	1	0	f	1	6	28	1	2022-01-06 15:05:48.380041	2022-01-06 15:05:48.380041	18558273
1846	100	1	0	f	1	6	29	1	2022-01-06 15:05:48.380041	2022-01-06 15:05:48.380041	18558274
1847	100	1	0	f	1	6	30	1	2022-01-06 15:05:48.380041	2022-01-06 15:05:48.380041	18558275
1848	100	1	0	f	1	6	31	1	2022-01-06 15:05:48.380041	2022-01-06 15:05:48.380041	18558276
1849	100	1	0	f	1	6	32	1	2022-01-06 15:05:48.380041	2022-01-06 15:05:48.380041	18558277
1850	100	1	0	f	1	6	33	1	2022-01-06 15:05:48.380041	2022-01-06 15:05:48.380041	18558278
1851	100	1	0	f	1	6	34	1	2022-01-06 15:05:48.380041	2022-01-06 15:05:48.380041	18558279
1852	100	1	0	f	1	6	35	1	2022-01-06 15:05:48.380041	2022-01-06 15:05:48.380041	18558280
1853	100	1	0	f	1	6	36	1	2022-01-06 15:05:48.380041	2022-01-06 15:05:48.380041	18558281
1854	100	1	0	f	1	6	0	1	2022-01-06 15:05:48.380041	2022-01-06 15:05:48.380041	18558282
1855	100	1	0	f	1	6	00	1	2022-01-06 15:05:48.380041	2022-01-06 15:05:48.380041	18558283
1856	101	1	0	f	1	6	01	1	2022-01-06 15:12:46.53111	2022-01-06 15:12:46.53111	18558284
1857	101	1	0	f	1	6	02	1	2022-01-06 15:12:46.53111	2022-01-06 15:12:46.53111	18558285
1858	101	1	0	f	1	6	03	1	2022-01-06 15:12:46.53111	2022-01-06 15:12:46.53111	18558286
1859	101	1	0	f	1	6	04	1	2022-01-06 15:12:46.53111	2022-01-06 15:12:46.53111	18558287
1860	101	1	0	f	1	6	05	1	2022-01-06 15:12:46.53111	2022-01-06 15:12:46.53111	18558288
1861	101	1	0	f	1	6	06	1	2022-01-06 15:12:46.53111	2022-01-06 15:12:46.53111	18558289
1862	101	1	0	f	1	6	07	1	2022-01-06 15:12:46.53111	2022-01-06 15:12:46.53111	18558290
1863	101	1	0	f	1	6	08	1	2022-01-06 15:12:46.53111	2022-01-06 15:12:46.53111	18558291
1864	101	1	0	f	1	6	09	1	2022-01-06 15:12:46.53111	2022-01-06 15:12:46.53111	18558292
1865	101	1	0	f	1	6	10	1	2022-01-06 15:12:46.53111	2022-01-06 15:12:46.53111	18558293
1866	101	1	0	f	1	6	20	1	2022-01-06 15:12:46.53111	2022-01-06 15:12:46.53111	18558294
1867	101	1	0	f	1	6	30	1	2022-01-06 15:12:46.53111	2022-01-06 15:12:46.53111	18558295
1868	101	1	0	f	1	6	0	1	2022-01-06 15:12:46.53111	2022-01-06 15:12:46.53111	18558296
1869	101	1	0	f	1	6	00	1	2022-01-06 15:12:46.53111	2022-01-06 15:12:46.53111	18558297
1870	102	0.97	0	f	1	5	01	1	2022-01-06 15:27:05.39474	2022-01-06 15:27:05.39474	18558336
1871	102	0.97	0	f	1	5	02	1	2022-01-06 15:27:05.39474	2022-01-06 15:27:05.39474	18558337
1872	102	0.97	0	f	1	5	03	1	2022-01-06 15:27:05.39474	2022-01-06 15:27:05.39474	18558338
1873	102	0.97	0	f	1	5	04	1	2022-01-06 15:27:05.39474	2022-01-06 15:27:05.39474	18558339
1874	102	0.97	0	f	1	5	05	1	2022-01-06 15:27:05.39474	2022-01-06 15:27:05.39474	18558340
1875	102	0.97	0	f	1	5	06	1	2022-01-06 15:27:05.39474	2022-01-06 15:27:05.39474	18558341
1876	102	0.97	0	f	1	5	07	1	2022-01-06 15:27:05.39474	2022-01-06 15:27:05.39474	18558342
1877	102	0.97	0	f	1	5	08	1	2022-01-06 15:27:05.39474	2022-01-06 15:27:05.39474	18558343
1878	102	0.97	0	f	1	5	09	1	2022-01-06 15:27:05.39474	2022-01-06 15:27:05.39474	18558344
1879	102	0.97	0	f	1	5	10	1	2022-01-06 15:27:05.39474	2022-01-06 15:27:05.39474	18558345
1880	102	0.97	0	f	1	5	0	1	2022-01-06 15:27:05.39474	2022-01-06 15:27:05.39474	18558346
1881	102	0.97	0	f	1	5	00	1	2022-01-06 15:27:05.39474	2022-01-06 15:27:05.39474	18558347
1882	103	1	0	f	1	5	01	1	2022-01-06 15:43:35.820004	2022-01-06 15:43:35.820004	18558387
1883	103	1	0	f	1	5	02	1	2022-01-06 15:43:35.820004	2022-01-06 15:43:35.820004	18558388
1884	103	1	0	f	1	5	03	1	2022-01-06 15:43:35.820004	2022-01-06 15:43:35.820004	18558389
1885	103	1	0	f	1	5	04	1	2022-01-06 15:43:35.820004	2022-01-06 15:43:35.820004	18558390
1886	103	1	0	f	1	5	05	1	2022-01-06 15:43:35.820004	2022-01-06 15:43:35.820004	18558391
1887	103	1	0	f	1	5	06	1	2022-01-06 15:43:35.820004	2022-01-06 15:43:35.820004	18558392
1888	103	1	0	f	1	5	07	1	2022-01-06 15:43:35.820004	2022-01-06 15:43:35.820004	18558393
1889	103	1	0	f	1	5	08	1	2022-01-06 15:43:35.820004	2022-01-06 15:43:35.820004	18558394
1890	103	1	0	f	1	5	09	1	2022-01-06 15:43:35.820004	2022-01-06 15:43:35.820004	18558395
1891	103	1	0	f	1	5	18	1	2022-01-06 15:43:35.820004	2022-01-06 15:43:35.820004	18558396
1892	103	1	0	f	1	5	0	1	2022-01-06 15:43:35.820004	2022-01-06 15:43:35.820004	18558397
1893	103	1	0	f	1	5	00	1	2022-01-06 15:43:35.820004	2022-01-06 15:43:35.820004	18558398
1894	104	1	0	f	1	6	01	1	2022-01-06 15:53:56.995084	2022-01-06 15:53:56.995084	18558399
1895	104	1	0	f	1	6	02	1	2022-01-06 15:53:56.995084	2022-01-06 15:53:56.995084	18558400
1896	104	1	0	f	1	6	03	1	2022-01-06 15:53:56.995084	2022-01-06 15:53:56.995084	18558401
1897	104	1	0	f	1	6	04	1	2022-01-06 15:53:56.995084	2022-01-06 15:53:56.995084	18558402
1898	104	1	0	f	1	6	05	1	2022-01-06 15:53:56.995084	2022-01-06 15:53:56.995084	18558403
1899	104	1	0	f	1	6	06	1	2022-01-06 15:53:56.995084	2022-01-06 15:53:56.995084	18558404
1900	104	1	0	f	1	6	07	1	2022-01-06 15:53:56.995084	2022-01-06 15:53:56.995084	18558405
1901	104	1	0	f	1	6	08	1	2022-01-06 15:53:56.995084	2022-01-06 15:53:56.995084	18558406
1902	104	1	0	f	1	6	09	1	2022-01-06 15:53:56.995084	2022-01-06 15:53:56.995084	18558407
1903	104	1	0	f	1	6	18	1	2022-01-06 15:53:56.995084	2022-01-06 15:53:56.995084	18558408
1904	104	1	0	f	1	6	0	1	2022-01-06 15:53:56.995084	2022-01-06 15:53:56.995084	18558409
1905	104	1	0	f	1	6	00	1	2022-01-06 15:53:56.995084	2022-01-06 15:53:56.995084	18558410
1906	105	1	0	f	1	12	01	1	2022-01-06 15:55:37.89642	2022-01-06 15:55:37.89642	18558411
1907	105	1	0	f	1	12	02	1	2022-01-06 15:55:37.89642	2022-01-06 15:55:37.89642	18558412
1908	105	1	0	f	1	12	03	1	2022-01-06 15:55:37.89642	2022-01-06 15:55:37.89642	18558413
1909	105	1	0	f	1	12	04	1	2022-01-06 15:55:37.89642	2022-01-06 15:55:37.89642	18558414
1910	105	1	0	f	1	12	05	1	2022-01-06 15:55:37.89642	2022-01-06 15:55:37.89642	18558415
1911	106	1	0	f	1	28	01	1	2022-01-06 16:13:55.366727	2022-01-06 16:13:55.366727	18558416
1912	106	1	0	f	1	28	02	1	2022-01-06 16:13:55.366727	2022-01-06 16:13:55.366727	18558417
1913	106	1	0	f	1	28	03	1	2022-01-06 16:13:55.366727	2022-01-06 16:13:55.366727	18558418
1914	106	1	0	f	1	28	04	1	2022-01-06 16:13:55.366727	2022-01-06 16:13:55.366727	18558419
1915	106	1	0	f	1	28	05	1	2022-01-06 16:13:55.366727	2022-01-06 16:13:55.366727	18558420
1916	107	1	0	f	1	6	01	1	2022-01-06 16:14:26.312709	2022-01-06 16:14:26.312709	18558421
1917	107	1	0	f	1	6	02	1	2022-01-06 16:14:26.312709	2022-01-06 16:14:26.312709	18558422
1918	107	1	0	f	1	6	03	1	2022-01-06 16:14:26.312709	2022-01-06 16:14:26.312709	18558423
1919	107	1	0	f	1	6	04	1	2022-01-06 16:14:26.312709	2022-01-06 16:14:26.312709	18558424
1920	107	1	0	f	1	6	05	1	2022-01-06 16:14:26.312709	2022-01-06 16:14:26.312709	18558425
1921	108	1	0	f	1	6	01	1	2022-01-06 16:17:51.38685	2022-01-06 16:17:51.38685	18558426
1922	108	1	0	f	1	6	02	1	2022-01-06 16:17:51.38685	2022-01-06 16:17:51.38685	18558427
1923	108	1	0	f	1	6	04	1	2022-01-06 16:17:51.38685	2022-01-06 16:17:51.38685	18558428
1924	108	1	0	f	1	6	13	1	2022-01-06 16:17:51.38685	2022-01-06 16:17:51.38685	18558429
1925	108	1	0	f	1	6	14	1	2022-01-06 16:17:51.38685	2022-01-06 16:17:51.38685	18558430
1926	109	1	0	f	1	6	1	1	2022-01-06 16:33:56.630841	2022-01-06 16:33:56.630841	18558431
1927	109	1	0	f	1	6	2	1	2022-01-06 16:33:56.630841	2022-01-06 16:33:56.630841	18558432
1928	109	1	0	f	1	6	3	1	2022-01-06 16:33:56.630841	2022-01-06 16:33:56.630841	18558433
1929	109	1	0	f	1	6	4	1	2022-01-06 16:33:56.630841	2022-01-06 16:33:56.630841	18558434
1930	109	1	0	f	1	6	5	1	2022-01-06 16:33:56.630841	2022-01-06 16:33:56.630841	18558435
1931	110	1	0	f	1	94	100	1	2022-01-06 16:41:12.755853	2022-01-06 16:41:12.755853	18558436
1932	110	1	0	f	1	94	102	1	2022-01-06 16:41:12.755853	2022-01-06 16:41:12.755853	18558437
1933	111	1	0	f	1	95	10	1	2022-01-06 16:48:57.58216	2022-01-06 16:48:57.58216	18558438
1934	111	1	0	f	1	95	11	1	2022-01-06 16:48:57.58216	2022-01-06 16:48:57.58216	18558439
1935	111	1	0	f	1	95	12	1	2022-01-06 16:48:57.58216	2022-01-06 16:48:57.58216	18558440
1936	112	100	0	f	1	92	001	1	2022-01-07 14:46:01.550097	2022-01-07 14:46:01.550097	18558441
1937	112	100	0	f	1	92	01	1	2022-01-07 14:46:01.550097	2022-01-07 14:46:01.550097	18558442
1938	113	200	0	f	1	8	1	1	2022-01-07 18:21:12.586258	2022-01-07 18:21:12.586258	18558443
1939	113	200	0	f	1	8	2	1	2022-01-07 18:21:12.586258	2022-01-07 18:21:12.586258	18558444
1940	114	0.2	0	f	1	92	00	1	2022-02-11 14:20:15.444603	2022-02-11 14:20:15.444603	22617924
1941	115	0.2	0	f	1	4	1	1	2022-02-11 14:39:10.75347	2022-02-11 14:39:10.75347	22617925
1942	116	0.2	0	f	1	4	1	1	2022-02-11 14:40:11.943587	2022-02-11 14:40:11.943587	22617926
1943	116	0.2	0	f	1	4	10	1	2022-02-11 14:40:11.943587	2022-02-11 14:40:11.943587	22617927
1944	116	0.2	0	f	1	4	19	1	2022-02-11 14:40:11.943587	2022-02-11 14:40:11.943587	22617928
1945	116	0.2	0	f	1	4	28	1	2022-02-11 14:40:11.943587	2022-02-11 14:40:11.943587	22617929
1946	116	0.2	0	f	1	4	29	1	2022-02-11 14:40:11.943587	2022-02-11 14:40:11.943587	22617930
1947	116	0.2	0	f	1	4	0	1	2022-02-11 14:40:11.943587	2022-02-11 14:40:11.943587	22617931
1948	116	0.2	0	f	1	4	00	1	2022-02-11 14:40:11.943587	2022-02-11 14:40:11.943587	22617932
1949	116	0.2	0	f	1	26	1	1	2022-02-11 14:40:11.943587	2022-02-11 14:40:11.943587	22617933
1950	116	0.2	0	f	1	26	10	1	2022-02-11 14:40:11.943587	2022-02-11 14:40:11.943587	22617934
1951	116	0.2	0	f	1	26	19	1	2022-02-11 14:40:11.943587	2022-02-11 14:40:11.943587	22617935
1952	116	0.2	0	f	1	26	28	1	2022-02-11 14:40:11.943587	2022-02-11 14:40:11.943587	22617936
1953	116	0.2	0	f	1	26	29	1	2022-02-11 14:40:11.943587	2022-02-11 14:40:11.943587	22617937
1954	116	0.2	0	f	1	26	0	1	2022-02-11 14:40:11.943587	2022-02-11 14:40:11.943587	22617938
1955	116	0.2	0	f	1	26	00	1	2022-02-11 14:40:11.943587	2022-02-11 14:40:11.943587	22617939
1956	116	0.2	0	f	1	47	1	1	2022-02-11 14:40:11.943587	2022-02-11 14:40:11.943587	22617940
1957	116	0.2	0	f	1	47	10	1	2022-02-11 14:40:11.943587	2022-02-11 14:40:11.943587	22617941
1958	116	0.2	0	f	1	47	19	1	2022-02-11 14:40:11.943587	2022-02-11 14:40:11.943587	22617942
1959	116	0.2	0	f	1	47	28	1	2022-02-11 14:40:11.943587	2022-02-11 14:40:11.943587	22617943
1960	116	0.2	0	f	1	47	29	1	2022-02-11 14:40:11.943587	2022-02-11 14:40:11.943587	22617944
1961	116	0.2	0	f	1	47	0	1	2022-02-11 14:40:11.943587	2022-02-11 14:40:11.943587	22617945
1962	116	0.2	0	f	1	47	00	1	2022-02-11 14:40:11.943587	2022-02-11 14:40:11.943587	22617946
1963	116	0.2	0	f	1	198	1	1	2022-02-11 14:40:11.943587	2022-02-11 14:40:11.943587	22617947
1964	116	0.2	0	f	1	198	10	1	2022-02-11 14:40:11.943587	2022-02-11 14:40:11.943587	22617948
1965	116	0.2	0	f	1	198	19	1	2022-02-11 14:40:11.943587	2022-02-11 14:40:11.943587	22617949
1966	116	0.2	0	f	1	198	28	1	2022-02-11 14:40:11.943587	2022-02-11 14:40:11.943587	22617950
1967	116	0.2	0	f	1	198	29	1	2022-02-11 14:40:11.943587	2022-02-11 14:40:11.943587	22617951
1968	116	0.2	0	f	1	198	0	1	2022-02-11 14:40:11.943587	2022-02-11 14:40:11.943587	22617952
1969	116	0.2	0	f	1	198	00	1	2022-02-11 14:40:11.943587	2022-02-11 14:40:11.943587	22617953
1970	117	2	0	f	1	94	25	10	2022-02-24 17:07:50.855275	2022-02-24 17:07:50.855275	22618150
1971	117	1	0	f	1	94	111	10	2022-02-24 17:07:50.855275	2022-02-24 17:07:50.855275	22618151
1972	117	1	0	f	1	94	211	10	2022-02-24 17:07:50.855275	2022-02-24 17:07:50.855275	22618152
1973	117	1	0	f	1	94	311	10	2022-02-24 17:07:50.855275	2022-02-24 17:07:50.855275	22618153
1974	117	1	0	f	1	94	411	10	2022-02-24 17:07:50.855275	2022-02-24 17:07:50.855275	22618154
1975	117	1	0	f	1	94	511	10	2022-02-24 17:07:50.855275	2022-02-24 17:07:50.855275	22618155
1976	117	1	0	f	1	94	611	10	2022-02-24 17:07:50.855275	2022-02-24 17:07:50.855275	22618156
1977	117	1	0	f	1	94	711	10	2022-02-24 17:07:50.855275	2022-02-24 17:07:50.855275	22618157
1978	117	1	0	f	1	94	811	10	2022-02-24 17:07:50.855275	2022-02-24 17:07:50.855275	22618158
1979	117	1	0	f	1	94	911	10	2022-02-24 17:07:50.855275	2022-02-24 17:07:50.855275	22618159
1980	118	3	0	f	1	95	28	10	2022-02-24 17:24:02.069434	2022-02-24 17:24:02.069434	22618160
1981	119	0.2	0	f	1	7	1	1	2022-02-25 17:43:06.89191	2022-02-25 17:43:06.89191	22618169
1982	120	1	0	f	1	7	1	1	2022-02-25 17:49:38.291897	2022-02-25 17:49:38.291897	22618170
1983	121	1	0	f	1	7	1	1	2022-02-25 17:53:32.627058	2022-02-25 17:53:32.627058	22618171
1984	122	1	0	f	1	8	3	1	2022-02-25 17:58:35.878254	2022-02-25 17:58:35.878254	22618172
1985	123	1	0	f	1	8	3	1	2022-02-25 18:54:02.578827	2022-02-25 18:54:02.578827	24313964
1986	123	1	0	f	1	8	1	1	2022-02-25 18:54:02.578827	2022-02-25 18:54:02.578827	24313965
1987	124	1	0	f	1	6	1	1	2022-03-03 16:14:25.655692	2022-03-03 16:14:25.655692	24313994
1988	125	1	0	f	1	6	1	1	2022-03-03 16:24:55.260212	2022-03-03 16:24:55.260212	24313995
1989	126	1	0	f	1	7	1	1	2022-03-03 17:16:53.916207	2022-03-03 17:16:53.916207	24313997
1990	127	1	0	f	1	7	2	1	2022-03-03 17:21:05.559965	2022-03-03 17:21:05.559965	24313998
1991	128	1	0	f	1	8	1	1	2022-03-03 17:28:53.731219	2022-03-03 17:28:53.731219	24313999
1992	129	1	0	f	1	10	19	1	2022-03-03 19:57:03.83307	2022-03-03 19:57:03.83307	24853161
1993	130	10	0	f	1	179	1	1	2022-03-04 00:11:59.766494	2022-03-04 00:11:59.766494	24853162
1994	131	100	0	f	1	179	2	1	2022-03-04 00:12:58.163442	2022-03-04 00:12:58.163442	24853163
1995	131	100	0	f	1	179	12	1	2022-03-04 00:12:58.163442	2022-03-04 00:12:58.163442	24853164
1996	132	10	0	f	1	179	1	1	2022-03-04 00:17:12.781428	2022-03-04 00:17:12.781428	24853165
1997	134	100	0	f	1	179	1	1	2022-03-04 00:22:58.038198	2022-03-04 00:22:58.038198	24853167
1998	135	100	0	f	1	179	5	1	2022-03-04 00:24:12.465342	2022-03-04 00:24:12.465342	24853168
1999	135	100	0	f	1	179	15	1	2022-03-04 00:24:12.465342	2022-03-04 00:24:12.465342	24853169
2000	135	44	0	f	1	179	31	1	2022-03-04 00:24:12.465342	2022-03-04 00:24:12.465342	24853170
2001	136	100	0	f	1	179	1	1	2022-03-04 00:24:48.521576	2022-03-04 00:24:48.521576	24853171
2002	137	100	0	f	1	179	1	1	2022-03-04 00:25:04.647681	2022-03-04 00:25:04.647681	24853172
2003	138	100	0	f	1	179	1	1	2022-03-04 00:26:59.33799	2022-03-04 00:26:59.33799	24853173
2004	139	100	0	f	1	179	22	1	2022-03-04 00:29:28.799157	2022-03-04 00:29:28.799157	24853174
2005	139	100	0	f	1	179	1	1	2022-03-04 00:29:28.799157	2022-03-04 00:29:28.799157	24853175
2006	140	1	0	f	1	2	1	1	2022-03-04 12:48:19.472967	2022-03-04 12:48:19.472967	24853176
2007	141	1	0	f	1	2	1	1	2022-03-04 12:50:26.042184	2022-03-04 12:50:26.042184	24853177
2008	142	30	0	f	1	3	1	1	2022-03-04 13:06:25.667932	2022-03-04 13:06:25.667932	24853178
2009	143	10	0	f	1	3	1	1	2022-03-04 13:21:49.674606	2022-03-04 13:21:49.674606	24853179
2010	143	10	0	f	1	3	16	1	2022-03-04 13:21:49.674606	2022-03-04 13:21:49.674606	24853180
2011	143	10	0	f	1	3	17	1	2022-03-04 13:21:49.674606	2022-03-04 13:21:49.674606	24853181
2012	143	10	0	f	1	3	27	1	2022-03-04 13:21:49.674606	2022-03-04 13:21:49.674606	24853182
2013	143	10	0	f	1	4	1	1	2022-03-04 13:21:49.674606	2022-03-04 13:21:49.674606	24853183
2014	143	10	0	f	1	4	16	1	2022-03-04 13:21:49.674606	2022-03-04 13:21:49.674606	24853184
2015	143	10	0	f	1	4	17	1	2022-03-04 13:21:49.674606	2022-03-04 13:21:49.674606	24853185
2016	143	10	0	f	1	4	27	1	2022-03-04 13:21:49.674606	2022-03-04 13:21:49.674606	24853186
2017	143	10	0	f	1	5	1	1	2022-03-04 13:21:49.674606	2022-03-04 13:21:49.674606	24853187
2018	143	10	0	f	1	5	16	1	2022-03-04 13:21:49.674606	2022-03-04 13:21:49.674606	24853188
2019	143	10	0	f	1	5	17	1	2022-03-04 13:21:49.674606	2022-03-04 13:21:49.674606	24853189
2020	143	10	0	f	1	5	27	1	2022-03-04 13:21:49.674606	2022-03-04 13:21:49.674606	24853190
2021	143	10	0	f	1	6	1	1	2022-03-04 13:21:49.674606	2022-03-04 13:21:49.674606	24853191
2022	143	10	0	f	1	6	16	1	2022-03-04 13:21:49.674606	2022-03-04 13:21:49.674606	24853192
2023	143	10	0	f	1	6	17	1	2022-03-04 13:21:49.674606	2022-03-04 13:21:49.674606	24853193
2024	143	10	0	f	1	6	27	1	2022-03-04 13:21:49.674606	2022-03-04 13:21:49.674606	24853194
2025	143	10	0	f	1	7	1	1	2022-03-04 13:21:49.674606	2022-03-04 13:21:49.674606	24853195
2026	143	10	0	f	1	7	16	1	2022-03-04 13:21:49.674606	2022-03-04 13:21:49.674606	24853196
2027	143	10	0	f	1	7	17	1	2022-03-04 13:21:49.674606	2022-03-04 13:21:49.674606	24853197
2028	143	10	0	f	1	7	27	1	2022-03-04 13:21:49.674606	2022-03-04 13:21:49.674606	24853198
2029	143	10	0	f	1	8	1	1	2022-03-04 13:21:49.674606	2022-03-04 13:21:49.674606	24853199
2030	143	10	0	f	1	8	16	1	2022-03-04 13:21:49.674606	2022-03-04 13:21:49.674606	24853200
2031	143	10	0	f	1	8	17	1	2022-03-04 13:21:49.674606	2022-03-04 13:21:49.674606	24853201
2032	143	10	0	f	1	8	27	1	2022-03-04 13:21:49.674606	2022-03-04 13:21:49.674606	24853202
2033	143	10	0	f	1	9	1	1	2022-03-04 13:21:49.674606	2022-03-04 13:21:49.674606	24853203
2034	143	10	0	f	1	9	16	1	2022-03-04 13:21:49.674606	2022-03-04 13:21:49.674606	24853204
2035	143	10	0	f	1	9	17	1	2022-03-04 13:21:49.674606	2022-03-04 13:21:49.674606	24853205
2036	143	10	0	f	1	9	27	1	2022-03-04 13:21:49.674606	2022-03-04 13:21:49.674606	24853206
2037	143	10	0	f	1	10	1	1	2022-03-04 13:21:49.674606	2022-03-04 13:21:49.674606	24853207
2038	143	10	0	f	1	10	16	1	2022-03-04 13:21:49.674606	2022-03-04 13:21:49.674606	24853208
2039	143	10	0	f	1	10	17	1	2022-03-04 13:21:49.674606	2022-03-04 13:21:49.674606	24853209
2040	143	10	0	f	1	10	27	1	2022-03-04 13:21:49.674606	2022-03-04 13:21:49.674606	24853210
2041	143	10	0	f	1	11	1	1	2022-03-04 13:21:49.674606	2022-03-04 13:21:49.674606	24853211
2042	143	10	0	f	1	11	16	1	2022-03-04 13:21:49.674606	2022-03-04 13:21:49.674606	24853212
2043	143	10	0	f	1	11	17	1	2022-03-04 13:21:49.674606	2022-03-04 13:21:49.674606	24853213
2044	143	10	0	f	1	11	27	1	2022-03-04 13:21:49.674606	2022-03-04 13:21:49.674606	24853214
2045	143	10	0	f	1	12	1	1	2022-03-04 13:21:49.674606	2022-03-04 13:21:49.674606	24853215
2046	143	10	0	f	1	12	16	1	2022-03-04 13:21:49.674606	2022-03-04 13:21:49.674606	24853216
2047	143	10	0	f	1	12	17	1	2022-03-04 13:21:49.674606	2022-03-04 13:21:49.674606	24853217
2048	143	10	0	f	1	12	27	1	2022-03-04 13:21:49.674606	2022-03-04 13:21:49.674606	24853218
2049	144	10	0	f	1	25	1	1	2022-03-04 13:22:13.27141	2022-03-04 13:22:13.27141	24853219
2050	144	10	0	f	1	25	31	1	2022-03-04 13:22:13.27141	2022-03-04 13:22:13.27141	24853220
2051	145	100	0	f	1	3	0	1	2022-03-17 13:23:59.415261	2022-03-17 13:23:59.415261	26061047
2052	146	100	0	f	1	8	2	1	2022-03-17 18:47:33.204006	2022-03-17 18:47:33.204006	26061048
2053	147	100	0	f	1	9	1	1	2022-03-17 18:49:16.873292	2022-03-17 18:49:16.873292	26061049
2054	147	100	0	f	1	9	10	1	2022-03-17 18:49:16.873292	2022-03-17 18:49:16.873292	26061050
2055	147	100	0	f	1	9	19	1	2022-03-17 18:49:16.873292	2022-03-17 18:49:16.873292	26061051
2056	147	100	0	f	1	9	28	1	2022-03-17 18:49:16.873292	2022-03-17 18:49:16.873292	26061052
2057	148	0.2	0	f	1	9	21	1	2022-03-17 19:16:34.047528	2022-03-17 19:16:34.047528	26061053
2058	148	0.2	0	f	1	9	31	1	2022-03-17 19:16:34.047528	2022-03-17 19:16:34.047528	26061054
2059	148	0.2	0	f	1	9	0	1	2022-03-17 19:16:34.047528	2022-03-17 19:16:34.047528	26061055
2060	148	0.2	0	f	1	9	00	1	2022-03-17 19:16:34.047528	2022-03-17 19:16:34.047528	26061056
2061	149	1	0	f	1	12	0	1	2022-03-17 19:25:11.082365	2022-03-17 19:25:11.082365	26061057
2062	149	1	0	f	1	12	00	1	2022-03-17 19:25:11.082365	2022-03-17 19:25:11.082365	26061058
2063	150	1	0	f	1	97	100	1	2022-03-17 19:29:19.201766	2022-03-17 19:29:19.201766	26061059
2064	151	99	0	f	1	97	100	1	2022-03-17 19:29:35.872194	2022-03-17 19:29:35.872194	26061060
2065	151	100	0	f	1	97	102	1	2022-03-17 19:29:35.872194	2022-03-17 19:29:35.872194	26061061
2066	152	100	0	f	1	174	31	1	2022-03-17 19:29:57.802041	2022-03-17 19:29:57.802041	26061062
2067	153	10	0	f	1	30	1	1	2022-03-17 19:35:08.205081	2022-03-17 19:35:08.205081	26061063
2068	154	10	0	f	1	30	2	1	2022-03-17 19:35:29.289739	2022-03-17 19:35:29.289739	26061064
2069	155	10	0	f	1	175	0	1	2022-03-17 19:37:22.57742	2022-03-17 19:37:22.57742	26061065
2070	155	10	0	f	1	175	00	1	2022-03-17 19:37:22.57742	2022-03-17 19:37:22.57742	26061066
2071	156	1	0	f	1	11	1	1	2022-03-17 19:49:43.033215	2022-03-17 19:49:43.033215	26061067
2072	156	1	0	f	1	11	2	1	2022-03-17 19:49:43.033215	2022-03-17 19:49:43.033215	26061068
2073	156	1	0	f	1	11	3	1	2022-03-17 19:49:43.033215	2022-03-17 19:49:43.033215	26061069
2074	156	1	0	f	1	11	4	1	2022-03-17 19:49:43.033215	2022-03-17 19:49:43.033215	26061070
2075	156	1	0	f	1	11	5	1	2022-03-17 19:49:43.033215	2022-03-17 19:49:43.033215	26061071
2076	156	1	0	f	1	11	6	1	2022-03-17 19:49:43.033215	2022-03-17 19:49:43.033215	26061072
2077	156	1	0	f	1	11	7	1	2022-03-17 19:49:43.033215	2022-03-17 19:49:43.033215	26061073
2078	156	1	0	f	1	11	8	1	2022-03-17 19:49:43.033215	2022-03-17 19:49:43.033215	26061074
2079	156	1	0	f	1	11	9	1	2022-03-17 19:49:43.033215	2022-03-17 19:49:43.033215	26061075
2080	156	1	0	f	1	11	10	1	2022-03-17 19:49:43.033215	2022-03-17 19:49:43.033215	26061076
2081	156	1	0	f	1	11	11	1	2022-03-17 19:49:43.033215	2022-03-17 19:49:43.033215	26061077
2082	156	1	0	f	1	11	12	1	2022-03-17 19:49:43.033215	2022-03-17 19:49:43.033215	26061078
2083	156	1	0	f	1	11	13	1	2022-03-17 19:49:43.033215	2022-03-17 19:49:43.033215	26061079
2084	156	1	0	f	1	11	14	1	2022-03-17 19:49:43.033215	2022-03-17 19:49:43.033215	26061080
2085	156	1	0	f	1	11	15	1	2022-03-17 19:49:43.033215	2022-03-17 19:49:43.033215	26061081
2086	156	1	0	f	1	11	16	1	2022-03-17 19:49:43.033215	2022-03-17 19:49:43.033215	26061082
2087	156	1	0	f	1	11	17	1	2022-03-17 19:49:43.033215	2022-03-17 19:49:43.033215	26061083
2088	156	1	0	f	1	11	18	1	2022-03-17 19:49:43.033215	2022-03-17 19:49:43.033215	26061084
2089	156	1	0	f	1	11	19	1	2022-03-17 19:49:43.033215	2022-03-17 19:49:43.033215	26061085
2090	156	1	0	f	1	11	20	1	2022-03-17 19:49:43.033215	2022-03-17 19:49:43.033215	26061086
2091	156	1	0	f	1	11	21	1	2022-03-17 19:49:43.033215	2022-03-17 19:49:43.033215	26061087
2092	156	1	0	f	1	11	22	1	2022-03-17 19:49:43.033215	2022-03-17 19:49:43.033215	26061088
2093	156	1	0	f	1	11	23	1	2022-03-17 19:49:43.033215	2022-03-17 19:49:43.033215	26061089
2094	156	1	0	f	1	11	24	1	2022-03-17 19:49:43.033215	2022-03-17 19:49:43.033215	26061090
2095	156	1	0	f	1	11	25	1	2022-03-17 19:49:43.033215	2022-03-17 19:49:43.033215	26061091
2096	156	1	0	f	1	11	26	1	2022-03-17 19:49:43.033215	2022-03-17 19:49:43.033215	26061092
2097	156	1	0	f	1	11	27	1	2022-03-17 19:49:43.033215	2022-03-17 19:49:43.033215	26061093
2098	156	1	0	f	1	11	28	1	2022-03-17 19:49:43.033215	2022-03-17 19:49:43.033215	26061094
2099	156	1	0	f	1	11	29	1	2022-03-17 19:49:43.033215	2022-03-17 19:49:43.033215	26061095
2100	156	1	0	f	1	11	30	1	2022-03-17 19:49:43.033215	2022-03-17 19:49:43.033215	26061096
2101	156	1	0	f	1	11	31	1	2022-03-17 19:49:43.033215	2022-03-17 19:49:43.033215	26061097
2102	156	1	0	f	1	11	32	1	2022-03-17 19:49:43.033215	2022-03-17 19:49:43.033215	26061098
2103	156	1	0	f	1	11	33	1	2022-03-17 19:49:43.033215	2022-03-17 19:49:43.033215	26061099
2104	156	1	0	f	1	11	34	1	2022-03-17 19:49:43.033215	2022-03-17 19:49:43.033215	26061100
2105	156	1	0	f	1	11	35	1	2022-03-17 19:49:43.033215	2022-03-17 19:49:43.033215	26061101
2106	156	1	0	f	1	11	36	1	2022-03-17 19:49:43.033215	2022-03-17 19:49:43.033215	26061102
2107	156	1	0	f	1	11	0	1	2022-03-17 19:49:43.033215	2022-03-17 19:49:43.033215	26061103
2108	156	1	0	f	1	11	00	1	2022-03-17 19:49:43.033215	2022-03-17 19:49:43.033215	26061104
2109	157	10	0	f	1	32	1	1	2022-03-17 20:00:54.598736	2022-03-17 20:00:54.598736	26061105
2110	157	10	0	f	1	32	0	1	2022-03-17 20:00:54.598736	2022-03-17 20:00:54.598736	26061106
2111	157	10	0	f	1	32	00	1	2022-03-17 20:00:54.598736	2022-03-17 20:00:54.598736	26061107
2112	158	100	0	f	1	179	1	1	2022-03-17 20:07:35.920207	2022-03-17 20:07:35.920207	26061108
2113	158	100	0	f	1	179	0	1	2022-03-17 20:07:35.920207	2022-03-17 20:07:35.920207	26061109
2114	158	100	0	f	1	179	00	1	2022-03-17 20:07:35.920207	2022-03-17 20:07:35.920207	26061110
2115	159	100	0	f	1	100	00	1	2022-03-17 20:10:11.973509	2022-03-17 20:10:11.973509	26061111
2116	159	100	0	f	1	100	000	1	2022-03-17 20:10:11.973509	2022-03-17 20:10:11.973509	26061112
2117	159	100	0	f	1	100	001	1	2022-03-17 20:10:11.973509	2022-03-17 20:10:11.973509	26061113
2118	160	1	0	f	1	7	1	1	2022-03-18 17:40:57.165385	2022-03-18 17:40:57.165385	26061114
2119	161	100	0	f	1	11	1	14	2022-03-18 21:15:38.568023	2022-03-18 21:15:38.568023	26061115
2120	161	100	0	f	1	11	2	14	2022-03-18 21:15:38.568023	2022-03-18 21:15:38.568023	26061116
2121	161	100	0	f	1	11	3	14	2022-03-18 21:15:38.568023	2022-03-18 21:15:38.568023	26061117
2122	161	100	0	f	1	11	4	14	2022-03-18 21:15:38.568023	2022-03-18 21:15:38.568023	26061118
2123	161	100	0	f	1	11	5	14	2022-03-18 21:15:38.568023	2022-03-18 21:15:38.568023	26061119
2124	161	100	0	f	1	11	6	14	2022-03-18 21:15:38.568023	2022-03-18 21:15:38.568023	26061120
2125	161	100	0	f	1	11	7	14	2022-03-18 21:15:38.568023	2022-03-18 21:15:38.568023	26061121
2126	161	100	0	f	1	11	8	14	2022-03-18 21:15:38.568023	2022-03-18 21:15:38.568023	26061122
2127	161	100	0	f	1	11	9	14	2022-03-18 21:15:38.568023	2022-03-18 21:15:38.568023	26061123
2128	161	100	0	f	1	11	10	14	2022-03-18 21:15:38.568023	2022-03-18 21:15:38.568023	26061124
2129	161	100	0	f	1	11	11	14	2022-03-18 21:15:38.568023	2022-03-18 21:15:38.568023	26061125
2130	161	100	0	f	1	11	12	14	2022-03-18 21:15:38.568023	2022-03-18 21:15:38.568023	26061126
2131	161	100	0	f	1	11	13	14	2022-03-18 21:15:38.568023	2022-03-18 21:15:38.568023	26061127
2132	161	100	0	f	1	11	14	14	2022-03-18 21:15:38.568023	2022-03-18 21:15:38.568023	26061128
2133	161	100	0	f	1	11	15	14	2022-03-18 21:15:38.568023	2022-03-18 21:15:38.568023	26061129
2134	161	100	0	f	1	11	16	14	2022-03-18 21:15:38.568023	2022-03-18 21:15:38.568023	26061130
2135	161	100	0	f	1	11	17	14	2022-03-18 21:15:38.568023	2022-03-18 21:15:38.568023	26061131
2136	161	100	0	f	1	11	18	14	2022-03-18 21:15:38.568023	2022-03-18 21:15:38.568023	26061132
2137	161	100	0	f	1	11	19	14	2022-03-18 21:15:38.568023	2022-03-18 21:15:38.568023	26061133
2138	161	100	0	f	1	11	20	14	2022-03-18 21:15:38.568023	2022-03-18 21:15:38.568023	26061134
2139	161	100	0	f	1	11	21	14	2022-03-18 21:15:38.568023	2022-03-18 21:15:38.568023	26061135
2140	161	100	0	f	1	11	22	14	2022-03-18 21:15:38.568023	2022-03-18 21:15:38.568023	26061136
2141	161	100	0	f	1	11	23	14	2022-03-18 21:15:38.568023	2022-03-18 21:15:38.568023	26061137
2142	161	100	0	f	1	11	24	14	2022-03-18 21:15:38.568023	2022-03-18 21:15:38.568023	26061138
2143	161	100	0	f	1	11	25	14	2022-03-18 21:15:38.568023	2022-03-18 21:15:38.568023	26061139
2144	161	100	0	f	1	11	26	14	2022-03-18 21:15:38.568023	2022-03-18 21:15:38.568023	26061140
2145	161	100	0	f	1	11	27	14	2022-03-18 21:15:38.568023	2022-03-18 21:15:38.568023	26061141
2146	161	100	0	f	1	11	28	14	2022-03-18 21:15:38.568023	2022-03-18 21:15:38.568023	26061142
2147	161	100	0	f	1	11	29	14	2022-03-18 21:15:38.568023	2022-03-18 21:15:38.568023	26061143
2148	161	100	0	f	1	11	30	14	2022-03-18 21:15:38.568023	2022-03-18 21:15:38.568023	26061144
2149	161	100	0	f	1	11	31	14	2022-03-18 21:15:38.568023	2022-03-18 21:15:38.568023	26061145
2150	161	100	0	f	1	11	32	14	2022-03-18 21:15:38.568023	2022-03-18 21:15:38.568023	26061146
2151	161	100	0	f	1	11	33	14	2022-03-18 21:15:38.568023	2022-03-18 21:15:38.568023	26061147
2152	161	100	0	f	1	11	34	14	2022-03-18 21:15:38.568023	2022-03-18 21:15:38.568023	26061148
2153	161	100	0	f	1	11	35	14	2022-03-18 21:15:38.568023	2022-03-18 21:15:38.568023	26061149
2154	161	100	0	f	1	11	36	14	2022-03-18 21:15:38.568023	2022-03-18 21:15:38.568023	26061150
2155	161	100	0	f	1	11	0	14	2022-03-18 21:15:38.568023	2022-03-18 21:15:38.568023	26061151
2156	161	100	0	f	1	11	00	14	2022-03-18 21:15:38.568023	2022-03-18 21:15:38.568023	26061152
2157	162	1	0	f	1	3	1	14	2022-03-23 13:45:19.299147	2022-03-23 13:45:19.299147	26061153
2158	163	1	0	f	1	4	18	14	2022-03-23 14:16:37.740112	2022-03-23 14:16:37.740112	26061154
2159	164	1	0	f	1	4	5	14	2022-03-23 14:27:52.86562	2022-03-23 14:27:52.86562	26061155
2160	165	1	0	f	1	4	14	14	2022-03-23 14:32:32.071312	2022-03-23 14:32:32.071312	26061156
2161	166	1	0	f	1	4	1	14	2022-03-23 14:43:54.366823	2022-03-23 14:43:54.366823	26061157
2162	166	1	0	f	1	4	2	14	2022-03-23 14:43:54.366823	2022-03-23 14:43:54.366823	26061158
2163	166	1	0	f	1	4	3	14	2022-03-23 14:43:54.366823	2022-03-23 14:43:54.366823	26061159
2164	167	1	0	f	1	4	36	14	2022-03-23 14:51:50.643049	2022-03-23 14:51:50.643049	26061160
2165	167	1	0	f	1	4	0	14	2022-03-23 14:51:50.643049	2022-03-23 14:51:50.643049	26061161
2166	167	1	0	f	1	4	00	14	2022-03-23 14:51:50.643049	2022-03-23 14:51:50.643049	26061162
2167	168	1	0	f	1	5	1	14	2022-03-23 15:10:29.077989	2022-03-23 15:10:29.077989	26061163
2168	168	1	0	f	1	5	2	14	2022-03-23 15:10:29.077989	2022-03-23 15:10:29.077989	26061164
2169	168	1	0	f	1	5	3	14	2022-03-23 15:10:29.077989	2022-03-23 15:10:29.077989	26061165
2170	169	100	0	f	1	5	1	14	2022-03-23 15:26:28.677416	2022-03-23 15:26:28.677416	26061166
2171	169	100	0	f	1	5	2	14	2022-03-23 15:26:28.677416	2022-03-23 15:26:28.677416	26061167
2172	169	100	0	f	1	5	3	14	2022-03-23 15:26:28.677416	2022-03-23 15:26:28.677416	26061168
2173	170	100	0	f	1	5	1	14	2022-03-23 15:30:23.787463	2022-03-23 15:30:23.787463	26061169
2174	170	100	0	f	1	5	2	14	2022-03-23 15:30:23.787463	2022-03-23 15:30:23.787463	26061170
2175	170	100	0	f	1	5	3	14	2022-03-23 15:30:23.787463	2022-03-23 15:30:23.787463	26061171
2176	171	1	0	f	1	5	1	14	2022-03-23 15:32:12.746638	2022-03-23 15:32:12.746638	26061172
2177	171	1	0	f	1	5	2	14	2022-03-23 15:32:12.746638	2022-03-23 15:32:12.746638	26061173
2178	171	1	0	f	1	5	3	14	2022-03-23 15:32:12.746638	2022-03-23 15:32:12.746638	26061174
2179	171	1	0	f	1	5	4	14	2022-03-23 15:32:12.746638	2022-03-23 15:32:12.746638	26061175
2180	171	1	0	f	1	5	5	14	2022-03-23 15:32:12.746638	2022-03-23 15:32:12.746638	26061176
2181	171	1	0	f	1	5	6	14	2022-03-23 15:32:12.746638	2022-03-23 15:32:12.746638	26061177
2182	171	1	0	f	1	5	7	14	2022-03-23 15:32:12.746638	2022-03-23 15:32:12.746638	26061178
2183	171	1	0	f	1	5	8	14	2022-03-23 15:32:12.746638	2022-03-23 15:32:12.746638	26061179
2184	171	1	0	f	1	5	9	14	2022-03-23 15:32:12.746638	2022-03-23 15:32:12.746638	26061180
2185	171	1	0	f	1	5	10	14	2022-03-23 15:32:12.746638	2022-03-23 15:32:12.746638	26061181
2186	171	1	0	f	1	5	11	14	2022-03-23 15:32:12.746638	2022-03-23 15:32:12.746638	26061182
2187	171	1	0	f	1	5	12	14	2022-03-23 15:32:12.746638	2022-03-23 15:32:12.746638	26061183
2188	171	1	0	f	1	5	13	14	2022-03-23 15:32:12.746638	2022-03-23 15:32:12.746638	26061184
2189	171	1	0	f	1	5	14	14	2022-03-23 15:32:12.746638	2022-03-23 15:32:12.746638	26061185
2190	171	1	0	f	1	5	15	14	2022-03-23 15:32:12.746638	2022-03-23 15:32:12.746638	26061186
2191	171	1	0	f	1	5	16	14	2022-03-23 15:32:12.746638	2022-03-23 15:32:12.746638	26061187
2192	171	1	0	f	1	5	17	14	2022-03-23 15:32:12.746638	2022-03-23 15:32:12.746638	26061188
2193	171	1	0	f	1	5	18	14	2022-03-23 15:32:12.746638	2022-03-23 15:32:12.746638	26061189
2194	171	1	0	f	1	5	19	14	2022-03-23 15:32:12.746638	2022-03-23 15:32:12.746638	26061190
2195	171	1	0	f	1	5	20	14	2022-03-23 15:32:12.746638	2022-03-23 15:32:12.746638	26061191
2196	171	1	0	f	1	5	21	14	2022-03-23 15:32:12.746638	2022-03-23 15:32:12.746638	26061192
2197	171	1	0	f	1	5	22	14	2022-03-23 15:32:12.746638	2022-03-23 15:32:12.746638	26061193
2198	171	1	0	f	1	5	23	14	2022-03-23 15:32:12.746638	2022-03-23 15:32:12.746638	26061194
2199	171	1	0	f	1	5	24	14	2022-03-23 15:32:12.746638	2022-03-23 15:32:12.746638	26061195
2200	171	1	0	f	1	5	25	14	2022-03-23 15:32:12.746638	2022-03-23 15:32:12.746638	26061196
2201	171	1	0	f	1	5	26	14	2022-03-23 15:32:12.746638	2022-03-23 15:32:12.746638	26061197
2202	171	1	0	f	1	5	27	14	2022-03-23 15:32:12.746638	2022-03-23 15:32:12.746638	26061198
2203	171	1	0	f	1	5	28	14	2022-03-23 15:32:12.746638	2022-03-23 15:32:12.746638	26061199
2204	171	1	0	f	1	5	29	14	2022-03-23 15:32:12.746638	2022-03-23 15:32:12.746638	26061200
2205	171	1	0	f	1	5	30	14	2022-03-23 15:32:12.746638	2022-03-23 15:32:12.746638	26061201
2206	172	100	0	f	1	5	1	14	2022-03-23 15:43:23.093741	2022-03-23 15:43:23.093741	26061202
2207	172	100	0	f	1	5	2	14	2022-03-23 15:43:23.093741	2022-03-23 15:43:23.093741	26061203
2208	172	100	0	f	1	5	3	14	2022-03-23 15:43:23.093741	2022-03-23 15:43:23.093741	26061204
2209	172	100	0	f	1	5	4	14	2022-03-23 15:43:23.093741	2022-03-23 15:43:23.093741	26061205
2210	172	100	0	f	1	5	5	14	2022-03-23 15:43:23.093741	2022-03-23 15:43:23.093741	26061206
2211	172	100	0	f	1	5	6	14	2022-03-23 15:43:23.093741	2022-03-23 15:43:23.093741	26061207
2212	172	100	0	f	1	5	7	14	2022-03-23 15:43:23.093741	2022-03-23 15:43:23.093741	26061208
2213	172	100	0	f	1	5	8	14	2022-03-23 15:43:23.093741	2022-03-23 15:43:23.093741	26061209
2214	172	100	0	f	1	5	9	14	2022-03-23 15:43:23.093741	2022-03-23 15:43:23.093741	26061210
2215	172	99	0	f	1	5	10	14	2022-03-23 15:43:23.093741	2022-03-23 15:43:23.093741	26061211
2216	172	99	0	f	1	5	11	14	2022-03-23 15:43:23.093741	2022-03-23 15:43:23.093741	26061212
2217	172	99	0	f	1	5	12	14	2022-03-23 15:43:23.093741	2022-03-23 15:43:23.093741	26061213
2218	172	99	0	f	1	5	13	14	2022-03-23 15:43:23.093741	2022-03-23 15:43:23.093741	26061214
2219	172	99	0	f	1	5	14	14	2022-03-23 15:43:23.093741	2022-03-23 15:43:23.093741	26061215
2220	172	99	0	f	1	5	15	14	2022-03-23 15:43:23.093741	2022-03-23 15:43:23.093741	26061216
2221	172	99	0	f	1	5	16	14	2022-03-23 15:43:23.093741	2022-03-23 15:43:23.093741	26061217
2222	172	99	0	f	1	5	17	14	2022-03-23 15:43:23.093741	2022-03-23 15:43:23.093741	26061218
2223	172	99	0	f	1	5	18	14	2022-03-23 15:43:23.093741	2022-03-23 15:43:23.093741	26061219
2224	172	99	0	f	1	5	19	14	2022-03-23 15:43:23.093741	2022-03-23 15:43:23.093741	26061220
2225	172	99	0	f	1	5	20	14	2022-03-23 15:43:23.093741	2022-03-23 15:43:23.093741	26061221
2226	172	99	0	f	1	5	21	14	2022-03-23 15:43:23.093741	2022-03-23 15:43:23.093741	26061222
2227	172	99	0	f	1	5	22	14	2022-03-23 15:43:23.093741	2022-03-23 15:43:23.093741	26061223
2228	172	99	0	f	1	5	23	14	2022-03-23 15:43:23.093741	2022-03-23 15:43:23.093741	26061224
2229	172	99	0	f	1	5	24	14	2022-03-23 15:43:23.093741	2022-03-23 15:43:23.093741	26061225
2230	172	99	0	f	1	5	25	14	2022-03-23 15:43:23.093741	2022-03-23 15:43:23.093741	26061226
2231	172	99	0	f	1	5	26	14	2022-03-23 15:43:23.093741	2022-03-23 15:43:23.093741	26061227
2232	172	99	0	f	1	5	27	14	2022-03-23 15:43:23.093741	2022-03-23 15:43:23.093741	26061228
2233	172	99	0	f	1	5	28	14	2022-03-23 15:43:23.093741	2022-03-23 15:43:23.093741	26061229
2234	172	99	0	f	1	5	29	14	2022-03-23 15:43:23.093741	2022-03-23 15:43:23.093741	26061230
2235	172	99	0	f	1	5	30	14	2022-03-23 15:43:23.093741	2022-03-23 15:43:23.093741	26061231
2236	173	1	0	f	1	6	1	14	2022-03-23 16:00:37.75317	2022-03-23 16:00:37.75317	26061232
2237	173	1	0	f	1	6	2	14	2022-03-23 16:00:37.75317	2022-03-23 16:00:37.75317	26061233
2238	173	1	0	f	1	6	3	14	2022-03-23 16:00:37.75317	2022-03-23 16:00:37.75317	26061234
2239	173	1	0	f	1	6	4	14	2022-03-23 16:00:37.75317	2022-03-23 16:00:37.75317	26061235
2240	173	1	0	f	1	6	5	14	2022-03-23 16:00:37.75317	2022-03-23 16:00:37.75317	26061236
2241	173	1	0	f	1	6	6	14	2022-03-23 16:00:37.75317	2022-03-23 16:00:37.75317	26061237
2242	173	1	0	f	1	6	7	14	2022-03-23 16:00:37.75317	2022-03-23 16:00:37.75317	26061238
2243	173	1	0	f	1	6	8	14	2022-03-23 16:00:37.75317	2022-03-23 16:00:37.75317	26061239
2244	173	1	0	f	1	6	9	14	2022-03-23 16:00:37.75317	2022-03-23 16:00:37.75317	26061240
2245	173	1	0	f	1	6	10	14	2022-03-23 16:00:37.75317	2022-03-23 16:00:37.75317	26061241
2246	173	1	0	f	1	6	11	14	2022-03-23 16:00:37.75317	2022-03-23 16:00:37.75317	26061242
2247	173	1	0	f	1	6	12	14	2022-03-23 16:00:37.75317	2022-03-23 16:00:37.75317	26061243
2248	173	1	0	f	1	6	13	14	2022-03-23 16:00:37.75317	2022-03-23 16:00:37.75317	26061244
2249	173	1	0	f	1	6	14	14	2022-03-23 16:00:37.75317	2022-03-23 16:00:37.75317	26061245
2250	173	1	0	f	1	6	15	14	2022-03-23 16:00:37.75317	2022-03-23 16:00:37.75317	26061246
2251	173	1	0	f	1	6	16	14	2022-03-23 16:00:37.75317	2022-03-23 16:00:37.75317	26061247
2252	173	1	0	f	1	6	17	14	2022-03-23 16:00:37.75317	2022-03-23 16:00:37.75317	26061248
2253	173	1	0	f	1	6	18	14	2022-03-23 16:00:37.75317	2022-03-23 16:00:37.75317	26061249
2254	173	1	0	f	1	6	19	14	2022-03-23 16:00:37.75317	2022-03-23 16:00:37.75317	26061250
2255	173	1	0	f	1	6	20	14	2022-03-23 16:00:37.75317	2022-03-23 16:00:37.75317	26061251
2256	173	1	0	f	1	6	21	14	2022-03-23 16:00:37.75317	2022-03-23 16:00:37.75317	26061252
2257	173	1	0	f	1	6	22	14	2022-03-23 16:00:37.75317	2022-03-23 16:00:37.75317	26061253
2258	173	1	0	f	1	6	23	14	2022-03-23 16:00:37.75317	2022-03-23 16:00:37.75317	26061254
2259	173	1	0	f	1	6	24	14	2022-03-23 16:00:37.75317	2022-03-23 16:00:37.75317	26061255
2260	173	1	0	f	1	6	25	14	2022-03-23 16:00:37.75317	2022-03-23 16:00:37.75317	26061256
2261	174	0.25	0	f	1	7	1	14	2022-03-23 16:15:45.069511	2022-03-23 16:15:45.069511	26061257
2262	175	1	0	f	1	8	1	14	2022-03-23 16:26:10.084199	2022-03-23 16:26:10.084199	26061258
2263	175	1	0	f	1	8	2	14	2022-03-23 16:26:10.084199	2022-03-23 16:26:10.084199	26061259
2264	175	1	0	f	1	8	3	14	2022-03-23 16:26:10.084199	2022-03-23 16:26:10.084199	26061260
2265	175	1	0	f	1	8	4	14	2022-03-23 16:26:10.084199	2022-03-23 16:26:10.084199	26061261
2266	175	1	0	f	1	8	5	14	2022-03-23 16:26:10.084199	2022-03-23 16:26:10.084199	26061262
2267	175	1	0	f	1	8	6	14	2022-03-23 16:26:10.084199	2022-03-23 16:26:10.084199	26061263
2268	175	1	0	f	1	8	7	14	2022-03-23 16:26:10.084199	2022-03-23 16:26:10.084199	26061264
2269	175	1	0	f	1	8	8	14	2022-03-23 16:26:10.084199	2022-03-23 16:26:10.084199	26061265
2270	175	1	0	f	1	8	9	14	2022-03-23 16:26:10.084199	2022-03-23 16:26:10.084199	26061266
2271	175	1	0	f	1	8	10	14	2022-03-23 16:26:10.084199	2022-03-23 16:26:10.084199	26061267
2272	175	1	0	f	1	8	11	14	2022-03-23 16:26:10.084199	2022-03-23 16:26:10.084199	26061268
2273	175	1	0	f	1	8	12	14	2022-03-23 16:26:10.084199	2022-03-23 16:26:10.084199	26061269
2274	175	1	0	f	1	8	13	14	2022-03-23 16:26:10.084199	2022-03-23 16:26:10.084199	26061270
2275	175	1	0	f	1	8	14	14	2022-03-23 16:26:10.084199	2022-03-23 16:26:10.084199	26061271
2276	175	1	0	f	1	8	15	14	2022-03-23 16:26:10.084199	2022-03-23 16:26:10.084199	26061272
2277	175	1	0	f	1	8	16	14	2022-03-23 16:26:10.084199	2022-03-23 16:26:10.084199	26061273
2278	175	1	0	f	1	8	17	14	2022-03-23 16:26:10.084199	2022-03-23 16:26:10.084199	26061274
2279	175	1	0	f	1	8	18	14	2022-03-23 16:26:10.084199	2022-03-23 16:26:10.084199	26061275
2280	175	1	0	f	1	8	19	14	2022-03-23 16:26:10.084199	2022-03-23 16:26:10.084199	26061276
2281	175	1	0	f	1	8	20	14	2022-03-23 16:26:10.084199	2022-03-23 16:26:10.084199	26061277
2282	175	1	0	f	1	8	21	14	2022-03-23 16:26:10.084199	2022-03-23 16:26:10.084199	26061278
2283	175	1	0	f	1	8	22	14	2022-03-23 16:26:10.084199	2022-03-23 16:26:10.084199	26061279
2284	175	1	0	f	1	8	23	14	2022-03-23 16:26:10.084199	2022-03-23 16:26:10.084199	26061280
2285	175	1	0	f	1	8	24	14	2022-03-23 16:26:10.084199	2022-03-23 16:26:10.084199	26061281
2286	175	1	0	f	1	8	25	14	2022-03-23 16:26:10.084199	2022-03-23 16:26:10.084199	26061282
2287	175	1	0	f	1	8	26	14	2022-03-23 16:26:10.084199	2022-03-23 16:26:10.084199	26061283
2288	175	1	0	f	1	8	29	14	2022-03-23 16:26:10.084199	2022-03-23 16:26:10.084199	26061284
2289	176	1	0	f	1	206	1	14	2022-03-23 17:44:22.901777	2022-03-23 17:44:22.901777	26061285
2290	177	1	0	f	1	206	1	14	2022-03-23 17:44:29.977089	2022-03-23 17:44:29.977089	26061286
2291	177	1	0	f	1	206	2	14	2022-03-23 17:44:29.977089	2022-03-23 17:44:29.977089	26061287
2292	177	1	0	f	1	206	3	14	2022-03-23 17:44:29.977089	2022-03-23 17:44:29.977089	26061288
2293	177	1	0	f	1	206	4	14	2022-03-23 17:44:29.977089	2022-03-23 17:44:29.977089	26061289
2294	177	1	0	f	1	206	5	14	2022-03-23 17:44:29.977089	2022-03-23 17:44:29.977089	26061290
2295	177	1	0	f	1	206	6	14	2022-03-23 17:44:29.977089	2022-03-23 17:44:29.977089	26061291
2296	177	1	0	f	1	206	7	14	2022-03-23 17:44:29.977089	2022-03-23 17:44:29.977089	26061292
2297	177	1	0	f	1	206	8	14	2022-03-23 17:44:29.977089	2022-03-23 17:44:29.977089	26061293
2298	177	1	0	f	1	206	9	14	2022-03-23 17:44:29.977089	2022-03-23 17:44:29.977089	26061294
2299	177	1	0	f	1	206	10	14	2022-03-23 17:44:29.977089	2022-03-23 17:44:29.977089	26061295
2300	177	1	0	f	1	206	11	14	2022-03-23 17:44:29.977089	2022-03-23 17:44:29.977089	26061296
2301	177	1	0	f	1	206	12	14	2022-03-23 17:44:29.977089	2022-03-23 17:44:29.977089	26061297
2302	177	1	0	f	1	206	13	14	2022-03-23 17:44:29.977089	2022-03-23 17:44:29.977089	26061298
2303	177	1	0	f	1	206	14	14	2022-03-23 17:44:29.977089	2022-03-23 17:44:29.977089	26061299
2304	177	1	0	f	1	206	15	14	2022-03-23 17:44:29.977089	2022-03-23 17:44:29.977089	26061300
2305	177	1	0	f	1	206	16	14	2022-03-23 17:44:29.977089	2022-03-23 17:44:29.977089	26061301
2306	177	1	0	f	1	206	17	14	2022-03-23 17:44:29.977089	2022-03-23 17:44:29.977089	26061302
2307	177	1	0	f	1	206	18	14	2022-03-23 17:44:29.977089	2022-03-23 17:44:29.977089	26061303
2308	177	1	0	f	1	206	19	14	2022-03-23 17:44:29.977089	2022-03-23 17:44:29.977089	26061304
2309	177	1	0	f	1	206	20	14	2022-03-23 17:44:29.977089	2022-03-23 17:44:29.977089	26061305
2310	177	1	0	f	1	206	21	14	2022-03-23 17:44:29.977089	2022-03-23 17:44:29.977089	26061306
2311	177	1	0	f	1	206	22	14	2022-03-23 17:44:29.977089	2022-03-23 17:44:29.977089	26061307
2312	177	1	0	f	1	206	23	14	2022-03-23 17:44:29.977089	2022-03-23 17:44:29.977089	26061308
2313	177	1	0	f	1	206	24	14	2022-03-23 17:44:29.977089	2022-03-23 17:44:29.977089	26061309
2314	177	1	0	f	1	206	25	14	2022-03-23 17:44:29.977089	2022-03-23 17:44:29.977089	26061310
2315	177	1	0	f	1	206	26	14	2022-03-23 17:44:29.977089	2022-03-23 17:44:29.977089	26061311
2316	177	1	0	f	1	206	27	14	2022-03-23 17:44:29.977089	2022-03-23 17:44:29.977089	26061312
2317	177	1	0	f	1	206	28	14	2022-03-23 17:44:29.977089	2022-03-23 17:44:29.977089	26061313
2318	177	1	0	f	1	206	29	14	2022-03-23 17:44:29.977089	2022-03-23 17:44:29.977089	26061314
2319	177	1	0	f	1	206	30	14	2022-03-23 17:44:29.977089	2022-03-23 17:44:29.977089	26061315
2320	177	1	0	f	1	206	31	14	2022-03-23 17:44:29.977089	2022-03-23 17:44:29.977089	26061316
2321	177	1	0	f	1	206	32	14	2022-03-23 17:44:29.977089	2022-03-23 17:44:29.977089	26061317
2322	177	1	0	f	1	206	33	14	2022-03-23 17:44:29.977089	2022-03-23 17:44:29.977089	26061318
2323	177	1	0	f	1	206	34	14	2022-03-23 17:44:29.977089	2022-03-23 17:44:29.977089	26061319
2324	177	1	0	f	1	206	35	14	2022-03-23 17:44:29.977089	2022-03-23 17:44:29.977089	26061320
2325	177	1	0	f	1	206	0	14	2022-03-23 17:44:29.977089	2022-03-23 17:44:29.977089	26061321
2326	177	1	0	f	1	206	00	14	2022-03-23 17:44:29.977089	2022-03-23 17:44:29.977089	26061322
2327	178	1	0	f	1	51	1	14	2022-03-23 18:33:25.0913	2022-03-23 18:33:25.0913	26061323
2328	179	10	0	f	1	8	1	14	2022-03-23 18:41:13.232317	2022-03-23 18:41:13.232317	26061324
2329	179	10	0	f	1	8	2	14	2022-03-23 18:41:13.232317	2022-03-23 18:41:13.232317	26061325
2330	179	10	0	f	1	8	3	14	2022-03-23 18:41:13.232317	2022-03-23 18:41:13.232317	26061326
2331	179	10	0	f	1	8	4	14	2022-03-23 18:41:13.232317	2022-03-23 18:41:13.232317	26061327
2332	179	10	0	f	1	8	5	14	2022-03-23 18:41:13.232317	2022-03-23 18:41:13.232317	26061328
2333	179	10	0	f	1	8	6	14	2022-03-23 18:41:13.232317	2022-03-23 18:41:13.232317	26061329
2334	179	10	0	f	1	8	7	14	2022-03-23 18:41:13.232317	2022-03-23 18:41:13.232317	26061330
2335	179	10	0	f	1	8	8	14	2022-03-23 18:41:13.232317	2022-03-23 18:41:13.232317	26061331
2336	179	10	0	f	1	8	9	14	2022-03-23 18:41:13.232317	2022-03-23 18:41:13.232317	26061332
2337	179	10	0	f	1	8	10	14	2022-03-23 18:41:13.232317	2022-03-23 18:41:13.232317	26061333
2338	179	10	0	f	1	8	11	14	2022-03-23 18:41:13.232317	2022-03-23 18:41:13.232317	26061334
2339	179	10	0	f	1	8	12	14	2022-03-23 18:41:13.232317	2022-03-23 18:41:13.232317	26061335
2340	179	10	0	f	1	8	13	14	2022-03-23 18:41:13.232317	2022-03-23 18:41:13.232317	26061336
2341	179	10	0	f	1	8	14	14	2022-03-23 18:41:13.232317	2022-03-23 18:41:13.232317	26061337
2342	179	10	0	f	1	8	15	14	2022-03-23 18:41:13.232317	2022-03-23 18:41:13.232317	26061338
2343	179	10	0	f	1	8	16	14	2022-03-23 18:41:13.232317	2022-03-23 18:41:13.232317	26061339
2344	179	10	0	f	1	8	17	14	2022-03-23 18:41:13.232317	2022-03-23 18:41:13.232317	26061340
2345	179	10	0	f	1	8	18	14	2022-03-23 18:41:13.232317	2022-03-23 18:41:13.232317	26061341
2346	179	10	0	f	1	8	19	14	2022-03-23 18:41:13.232317	2022-03-23 18:41:13.232317	26061342
2347	179	10	0	f	1	8	20	14	2022-03-23 18:41:13.232317	2022-03-23 18:41:13.232317	26061343
2348	179	10	0	f	1	8	21	14	2022-03-23 18:41:13.232317	2022-03-23 18:41:13.232317	26061344
2349	179	10	0	f	1	8	22	14	2022-03-23 18:41:13.232317	2022-03-23 18:41:13.232317	26061345
2350	179	10	0	f	1	8	23	14	2022-03-23 18:41:13.232317	2022-03-23 18:41:13.232317	26061346
2351	179	10	0	f	1	8	24	14	2022-03-23 18:41:13.232317	2022-03-23 18:41:13.232317	26061347
2352	179	10	0	f	1	8	25	14	2022-03-23 18:41:13.232317	2022-03-23 18:41:13.232317	26061348
2353	179	10	0	f	1	8	26	14	2022-03-23 18:41:13.232317	2022-03-23 18:41:13.232317	26061349
2354	179	10	0	f	1	8	27	14	2022-03-23 18:41:13.232317	2022-03-23 18:41:13.232317	26061350
2355	179	10	0	f	1	8	28	14	2022-03-23 18:41:13.232317	2022-03-23 18:41:13.232317	26061351
2356	179	10	0	f	1	8	29	14	2022-03-23 18:41:13.232317	2022-03-23 18:41:13.232317	26061352
2357	179	10	0	f	1	8	30	14	2022-03-23 18:41:13.232317	2022-03-23 18:41:13.232317	26061353
2358	179	10	0	f	1	8	31	14	2022-03-23 18:41:13.232317	2022-03-23 18:41:13.232317	26061354
2359	179	10	0	f	1	8	32	14	2022-03-23 18:41:13.232317	2022-03-23 18:41:13.232317	26061355
2360	179	10	0	f	1	8	33	14	2022-03-23 18:41:13.232317	2022-03-23 18:41:13.232317	26061356
2361	179	10	0	f	1	8	34	14	2022-03-23 18:41:13.232317	2022-03-23 18:41:13.232317	26061357
2362	179	10	0	f	1	8	35	14	2022-03-23 18:41:13.232317	2022-03-23 18:41:13.232317	26061358
2363	179	10	0	f	1	8	36	14	2022-03-23 18:41:13.232317	2022-03-23 18:41:13.232317	26061359
2364	179	10	0	f	1	8	0	14	2022-03-23 18:41:13.232317	2022-03-23 18:41:13.232317	26061360
2365	179	10	0	f	1	8	00	14	2022-03-23 18:41:13.232317	2022-03-23 18:41:13.232317	26061361
2366	180	1	0	f	1	52	1	14	2022-03-23 18:44:19.356036	2022-03-23 18:44:19.356036	26061362
2367	181	1	0	f	1	52	1	14	2022-03-23 18:46:05.710474	2022-03-23 18:46:05.710474	26061363
2368	181	1	0	f	1	52	2	14	2022-03-23 18:46:05.710474	2022-03-23 18:46:05.710474	26061364
2369	181	1	0	f	1	52	3	14	2022-03-23 18:46:05.710474	2022-03-23 18:46:05.710474	26061365
2370	181	1	0	f	1	52	4	14	2022-03-23 18:46:05.710474	2022-03-23 18:46:05.710474	26061366
2371	181	1	0	f	1	52	5	14	2022-03-23 18:46:05.710474	2022-03-23 18:46:05.710474	26061367
2372	181	1	0	f	1	52	6	14	2022-03-23 18:46:05.710474	2022-03-23 18:46:05.710474	26061368
2373	181	1	0	f	1	52	7	14	2022-03-23 18:46:05.710474	2022-03-23 18:46:05.710474	26061369
2374	181	1	0	f	1	52	8	14	2022-03-23 18:46:05.710474	2022-03-23 18:46:05.710474	26061370
2375	181	1	0	f	1	52	9	14	2022-03-23 18:46:05.710474	2022-03-23 18:46:05.710474	26061371
2376	181	1	0	f	1	52	10	14	2022-03-23 18:46:05.710474	2022-03-23 18:46:05.710474	26061372
2377	181	1	0	f	1	52	11	14	2022-03-23 18:46:05.710474	2022-03-23 18:46:05.710474	26061373
2378	181	1	0	f	1	52	12	14	2022-03-23 18:46:05.710474	2022-03-23 18:46:05.710474	26061374
2379	181	1	0	f	1	52	13	14	2022-03-23 18:46:05.710474	2022-03-23 18:46:05.710474	26061375
2380	181	1	0	f	1	52	14	14	2022-03-23 18:46:05.710474	2022-03-23 18:46:05.710474	26061376
2381	181	1	0	f	1	52	15	14	2022-03-23 18:46:05.710474	2022-03-23 18:46:05.710474	26061377
2382	181	1	0	f	1	52	16	14	2022-03-23 18:46:05.710474	2022-03-23 18:46:05.710474	26061378
2383	181	1	0	f	1	52	17	14	2022-03-23 18:46:05.710474	2022-03-23 18:46:05.710474	26061379
2384	181	1	0	f	1	52	18	14	2022-03-23 18:46:05.710474	2022-03-23 18:46:05.710474	26061380
2385	181	1	0	f	1	52	19	14	2022-03-23 18:46:05.710474	2022-03-23 18:46:05.710474	26061381
2386	181	1	0	f	1	52	20	14	2022-03-23 18:46:05.710474	2022-03-23 18:46:05.710474	26061382
2387	181	1	0	f	1	52	21	14	2022-03-23 18:46:05.710474	2022-03-23 18:46:05.710474	26061383
2388	181	1	0	f	1	52	22	14	2022-03-23 18:46:05.710474	2022-03-23 18:46:05.710474	26061384
2389	181	1	0	f	1	52	23	14	2022-03-23 18:46:05.710474	2022-03-23 18:46:05.710474	26061385
2390	181	1	0	f	1	52	24	14	2022-03-23 18:46:05.710474	2022-03-23 18:46:05.710474	26061386
2391	181	1	0	f	1	52	25	14	2022-03-23 18:46:05.710474	2022-03-23 18:46:05.710474	26061387
2392	181	1	0	f	1	52	26	14	2022-03-23 18:46:05.710474	2022-03-23 18:46:05.710474	26061388
2393	181	1	0	f	1	52	27	14	2022-03-23 18:46:05.710474	2022-03-23 18:46:05.710474	26061389
2394	181	1	0	f	1	52	28	14	2022-03-23 18:46:05.710474	2022-03-23 18:46:05.710474	26061390
2395	181	1	0	f	1	52	29	14	2022-03-23 18:46:05.710474	2022-03-23 18:46:05.710474	26061391
2396	181	1	0	f	1	52	30	14	2022-03-23 18:46:05.710474	2022-03-23 18:46:05.710474	26061392
2397	181	1	0	f	1	52	31	14	2022-03-23 18:46:05.710474	2022-03-23 18:46:05.710474	26061393
2398	181	1	0	f	1	52	32	14	2022-03-23 18:46:05.710474	2022-03-23 18:46:05.710474	26061394
2399	181	1	0	f	1	52	33	14	2022-03-23 18:46:05.710474	2022-03-23 18:46:05.710474	26061395
2400	181	1	0	f	1	52	34	14	2022-03-23 18:46:05.710474	2022-03-23 18:46:05.710474	26061396
2401	181	1	0	f	1	52	35	14	2022-03-23 18:46:05.710474	2022-03-23 18:46:05.710474	26061397
2402	181	1	0	f	1	52	36	14	2022-03-23 18:46:05.710474	2022-03-23 18:46:05.710474	26061398
2403	181	1	0	f	1	52	0	14	2022-03-23 18:46:05.710474	2022-03-23 18:46:05.710474	26061399
2404	181	1	0	f	1	52	00	14	2022-03-23 18:46:05.710474	2022-03-23 18:46:05.710474	26061400
2405	182	1	0	f	1	8	1	14	2022-03-28 17:57:13.157323	2022-03-28 17:57:13.157323	26061404
2406	183	1	0	f	1	9	2	14	2022-03-28 18:05:26.619523	2022-03-28 18:05:26.619523	26061405
2407	184	10	0	f	1	10	10	14	2022-03-28 18:09:55.380363	2022-03-28 18:09:55.380363	26061406
2408	185	10	0	f	1	29	1	14	2022-03-28 18:11:42.498516	2022-03-28 18:11:42.498516	26061407
2409	186	1	0	f	1	107	49	14	2022-03-28 19:00:34.372393	2022-03-28 19:00:34.372393	26061408
2410	186	1	0	f	1	107	50	14	2022-03-28 19:00:34.372393	2022-03-28 19:00:34.372393	26061409
2411	186	1	0	f	1	107	51	14	2022-03-28 19:00:34.372393	2022-03-28 19:00:34.372393	26061410
2412	187	0.5	0	f	1	5	1	14	2022-03-29 15:24:14.669343	2022-03-29 15:24:14.669343	26061411
2413	188	1	0	f	1	5	1	14	2022-03-29 15:36:53.272963	2022-03-29 15:36:53.272963	26061412
2414	188	1	0	f	1	5	2	14	2022-03-29 15:36:53.272963	2022-03-29 15:36:53.272963	26061413
2415	188	1	0	f	1	5	3	14	2022-03-29 15:36:53.272963	2022-03-29 15:36:53.272963	26061414
2416	188	1	0	f	1	5	4	14	2022-03-29 15:36:53.272963	2022-03-29 15:36:53.272963	26061415
2417	188	1	0	f	1	5	5	14	2022-03-29 15:36:53.272963	2022-03-29 15:36:53.272963	26061416
2418	188	1	0	f	1	5	6	14	2022-03-29 15:36:53.272963	2022-03-29 15:36:53.272963	26061417
2419	188	1	0	f	1	5	7	14	2022-03-29 15:36:53.272963	2022-03-29 15:36:53.272963	26061418
2420	188	1	0	f	1	5	8	14	2022-03-29 15:36:53.272963	2022-03-29 15:36:53.272963	26061419
2421	188	1	0	f	1	5	9	14	2022-03-29 15:36:53.272963	2022-03-29 15:36:53.272963	26061420
2422	188	1	0	f	1	5	0	14	2022-03-29 15:36:53.272963	2022-03-29 15:36:53.272963	26061421
2423	189	0.1	0	f	1	27	1	14	2022-03-29 15:38:34.87195	2022-03-29 15:38:34.87195	26061422
2424	189	0.1	0	f	1	27	0	14	2022-03-29 15:38:34.87195	2022-03-29 15:38:34.87195	26061423
2425	189	0.1	0	f	1	27	00	14	2022-03-29 15:38:34.87195	2022-03-29 15:38:34.87195	26061424
2426	190	0.1	0	f	1	48	1	14	2022-03-29 15:40:28.548824	2022-03-29 15:40:28.548824	26061425
2427	190	0.1	0	f	1	48	2	14	2022-03-29 15:40:28.548824	2022-03-29 15:40:28.548824	26061426
2428	190	0.1	0	f	1	48	3	14	2022-03-29 15:40:28.548824	2022-03-29 15:40:28.548824	26061427
2429	190	0.1	0	f	1	48	4	14	2022-03-29 15:40:28.548824	2022-03-29 15:40:28.548824	26061428
2430	190	0.1	0	f	1	48	5	14	2022-03-29 15:40:28.548824	2022-03-29 15:40:28.548824	26061429
2431	191	0.05	0	f	1	171	1	14	2022-03-29 16:07:48.907222	2022-03-29 16:07:48.907222	26061430
2432	192	1	0	f	1	5	1	14	2022-03-30 15:01:44.509583	2022-03-30 15:01:44.509583	26061431
2433	192	1	0	f	1	5	2	14	2022-03-30 15:01:44.509583	2022-03-30 15:01:44.509583	26061432
2434	192	1	0	f	1	5	3	14	2022-03-30 15:01:44.509583	2022-03-30 15:01:44.509583	26061433
2435	193	1	0	f	1	27	1	14	2022-03-30 15:08:35.60311	2022-03-30 15:08:35.60311	26061434
2436	193	1	0	f	1	27	2	14	2022-03-30 15:08:35.60311	2022-03-30 15:08:35.60311	26061435
2437	193	1	0	f	1	27	3	14	2022-03-30 15:08:35.60311	2022-03-30 15:08:35.60311	26061436
2438	193	1	0	f	1	27	4	14	2022-03-30 15:08:35.60311	2022-03-30 15:08:35.60311	26061437
2439	194	10	0	f	1	10	2	10	2022-05-03 16:24:22.314887	2022-05-03 16:24:22.314887	26061470
2440	194	10	0	f	1	10	1	10	2022-05-03 16:24:22.314887	2022-05-03 16:24:22.314887	26061471
2441	195	10	0	f	1	10	2	10	2022-05-03 16:25:04.551935	2022-05-03 16:25:04.551935	26061472
2442	195	10	0	f	1	10	3	10	2022-05-03 16:25:04.551935	2022-05-03 16:25:04.551935	26061473
2443	195	10	0	f	1	11	2	10	2022-05-03 16:25:04.551935	2022-05-03 16:25:04.551935	26061474
2444	195	10	0	f	1	11	3	10	2022-05-03 16:25:04.551935	2022-05-03 16:25:04.551935	26061475
2445	196	10	0	f	1	11	1	10	2022-05-03 17:13:41.813196	2022-05-03 17:13:41.813196	26061542
2446	196	10	0	f	1	11	2	10	2022-05-03 17:13:41.813196	2022-05-03 17:13:41.813196	26061543
2447	196	20	0	f	1	11	3	10	2022-05-03 17:13:41.813196	2022-05-03 17:13:41.813196	26061544
2448	196	20	0	f	1	11	4	10	2022-05-03 17:13:41.813196	2022-05-03 17:13:41.813196	26061545
2449	196	20	0	f	1	11	5	10	2022-05-03 17:13:41.813196	2022-05-03 17:13:41.813196	26061546
2450	196	10	0	f	1	11	34	10	2022-05-03 17:13:41.813196	2022-05-03 17:13:41.813196	26061547
2451	196	10	0	f	1	11	35	10	2022-05-03 17:13:41.813196	2022-05-03 17:13:41.813196	26061548
2452	196	10	0	f	1	11	0	10	2022-05-03 17:13:41.813196	2022-05-03 17:13:41.813196	26061549
2453	196	10	0	f	1	11	00	10	2022-05-03 17:13:41.813196	2022-05-03 17:13:41.813196	26061550
2454	196	10	0	f	1	12	34	10	2022-05-03 17:13:41.813196	2022-05-03 17:13:41.813196	26061551
2455	196	10	0	f	1	12	35	10	2022-05-03 17:13:41.813196	2022-05-03 17:13:41.813196	26061552
2456	196	10	0	f	1	12	0	10	2022-05-03 17:13:41.813196	2022-05-03 17:13:41.813196	26061553
2457	196	10	0	f	1	12	00	10	2022-05-03 17:13:41.813196	2022-05-03 17:13:41.813196	26061554
2458	197	10	0	f	1	178	1	10	2022-05-03 19:27:48.938559	2022-05-03 19:27:48.938559	26061555
2459	197	10	0	f	1	178	2	10	2022-05-03 19:27:48.938559	2022-05-03 19:27:48.938559	26061556
2460	197	10	0	f	1	178	3	10	2022-05-03 19:27:48.938559	2022-05-03 19:27:48.938559	26061557
2461	197	10	0	f	1	178	4	10	2022-05-03 19:27:48.938559	2022-05-03 19:27:48.938559	26061558
2462	197	10	0	f	1	178	5	10	2022-05-03 19:27:48.938559	2022-05-03 19:27:48.938559	26061559
2463	197	10	0	f	1	178	6	10	2022-05-03 19:27:48.938559	2022-05-03 19:27:48.938559	26061560
2464	197	10	0	f	1	178	7	10	2022-05-03 19:27:48.938559	2022-05-03 19:27:48.938559	26061561
2465	197	10	0	f	1	178	8	10	2022-05-03 19:27:48.938559	2022-05-03 19:27:48.938559	26061562
2466	197	10	0	f	1	178	9	10	2022-05-03 19:27:48.938559	2022-05-03 19:27:48.938559	26061563
2467	197	10	0	f	1	178	10	10	2022-05-03 19:27:48.938559	2022-05-03 19:27:48.938559	26061564
2468	197	5	0	f	1	178	5	10	2022-05-03 19:27:48.938559	2022-05-03 19:27:48.938559	26061565
2469	197	5	0	f	1	178	15	10	2022-05-03 19:27:48.938559	2022-05-03 19:27:48.938559	26061566
2470	197	5	0	f	1	178	16	10	2022-05-03 19:27:48.938559	2022-05-03 19:27:48.938559	26061567
2471	197	5	0	f	1	178	35	10	2022-05-03 19:27:48.938559	2022-05-03 19:27:48.938559	26061568
2472	197	5	0	f	1	178	0	10	2022-05-03 19:27:48.938559	2022-05-03 19:27:48.938559	26061569
2473	197	5	0	f	1	178	00	10	2022-05-03 19:27:48.938559	2022-05-03 19:27:48.938559	26061570
2474	197	10	0	f	1	179	21	10	2022-05-03 19:27:48.938559	2022-05-03 19:27:48.938559	26061571
2475	197	10	0	f	1	179	22	10	2022-05-03 19:27:48.938559	2022-05-03 19:27:48.938559	26061572
2476	197	10	0	f	1	179	23	10	2022-05-03 19:27:48.938559	2022-05-03 19:27:48.938559	26061573
2477	197	10	0	f	1	179	24	10	2022-05-03 19:27:48.938559	2022-05-03 19:27:48.938559	26061574
2478	198	5	0	f	1	178	1	10	2022-05-03 19:29:10.456931	2022-05-03 19:29:10.456931	26061575
2479	198	5	0	f	1	178	2	10	2022-05-03 19:29:10.456931	2022-05-03 19:29:10.456931	26061576
2480	198	5	0	f	1	178	3	10	2022-05-03 19:29:10.456931	2022-05-03 19:29:10.456931	26061577
2481	198	5	0	f	1	178	4	10	2022-05-03 19:29:10.456931	2022-05-03 19:29:10.456931	26061578
2482	198	5	0	f	1	178	5	10	2022-05-03 19:29:10.456931	2022-05-03 19:29:10.456931	26061579
2483	198	5	0	f	1	178	6	10	2022-05-03 19:29:10.456931	2022-05-03 19:29:10.456931	26061580
2484	198	5	0	f	1	178	7	10	2022-05-03 19:29:10.456931	2022-05-03 19:29:10.456931	26061581
2485	198	5	0	f	1	178	8	10	2022-05-03 19:29:10.456931	2022-05-03 19:29:10.456931	26061582
2486	198	5	0	f	1	178	9	10	2022-05-03 19:29:10.456931	2022-05-03 19:29:10.456931	26061583
2487	198	5	0	f	1	178	10	10	2022-05-03 19:29:10.456931	2022-05-03 19:29:10.456931	26061584
2488	198	5	0	f	1	178	15	10	2022-05-03 19:29:10.456931	2022-05-03 19:29:10.456931	26061585
2489	198	5	0	f	1	178	16	10	2022-05-03 19:29:10.456931	2022-05-03 19:29:10.456931	26061586
2490	198	5	0	f	1	178	17	10	2022-05-03 19:29:10.456931	2022-05-03 19:29:10.456931	26061587
2491	198	5	0	f	1	178	18	10	2022-05-03 19:29:10.456931	2022-05-03 19:29:10.456931	26061588
2492	198	5	0	f	1	178	19	10	2022-05-03 19:29:10.456931	2022-05-03 19:29:10.456931	26061589
2493	198	5	0	f	1	178	20	10	2022-05-03 19:29:10.456931	2022-05-03 19:29:10.456931	26061590
2494	198	10	0	f	1	178	30	10	2022-05-03 19:29:10.456931	2022-05-03 19:29:10.456931	26061591
2495	198	10	0	f	1	178	31	10	2022-05-03 19:29:10.456931	2022-05-03 19:29:10.456931	26061592
2496	198	10	0	f	1	178	32	10	2022-05-03 19:29:10.456931	2022-05-03 19:29:10.456931	26061593
2497	198	10	0	f	1	178	33	10	2022-05-03 19:29:10.456931	2022-05-03 19:29:10.456931	26061594
2498	198	10	0	f	1	178	34	10	2022-05-03 19:29:10.456931	2022-05-03 19:29:10.456931	26061595
2499	198	10	0	f	1	178	35	10	2022-05-03 19:29:10.456931	2022-05-03 19:29:10.456931	26061596
2500	198	10	0	f	1	178	36	10	2022-05-03 19:29:10.456931	2022-05-03 19:29:10.456931	26061597
2501	198	10	0	f	1	178	0	10	2022-05-03 19:29:10.456931	2022-05-03 19:29:10.456931	26061598
2502	198	10	0	f	1	178	00	10	2022-05-03 19:29:10.456931	2022-05-03 19:29:10.456931	26061599
2503	199	10	0	f	1	2	1	10	2022-05-04 00:18:56.979954	2022-05-04 00:18:56.979954	26061617
2504	199	10	0	f	1	2	2	10	2022-05-04 00:18:56.979954	2022-05-04 00:18:56.979954	26061618
2505	199	10	0	f	1	2	3	10	2022-05-04 00:18:56.979954	2022-05-04 00:18:56.979954	26061619
2506	199	10	0	f	1	2	4	10	2022-05-04 00:18:56.979954	2022-05-04 00:18:56.979954	26061620
2507	199	10	0	f	1	2	14	10	2022-05-04 00:18:56.979954	2022-05-04 00:18:56.979954	26061621
2508	199	20	0	f	1	2	0	10	2022-05-04 00:18:56.979954	2022-05-04 00:18:56.979954	26061622
2509	199	20	0	f	1	2	00	10	2022-05-04 00:18:56.979954	2022-05-04 00:18:56.979954	26061623
2510	199	10	0	f	1	3	1	10	2022-05-04 00:18:56.979954	2022-05-04 00:18:56.979954	26061624
2511	199	10	0	f	1	3	2	10	2022-05-04 00:18:56.979954	2022-05-04 00:18:56.979954	26061625
2512	199	10	0	f	1	3	3	10	2022-05-04 00:18:56.979954	2022-05-04 00:18:56.979954	26061626
2513	199	10	0	f	1	3	4	10	2022-05-04 00:18:56.979954	2022-05-04 00:18:56.979954	26061627
2514	199	10	0	f	1	3	14	10	2022-05-04 00:18:56.979954	2022-05-04 00:18:56.979954	26061628
2515	199	10	0	f	1	4	1	10	2022-05-04 00:18:56.979954	2022-05-04 00:18:56.979954	26061629
2516	199	10	0	f	1	4	2	10	2022-05-04 00:18:56.979954	2022-05-04 00:18:56.979954	26061630
2517	199	10	0	f	1	4	3	10	2022-05-04 00:18:56.979954	2022-05-04 00:18:56.979954	26061631
2518	199	10	0	f	1	4	4	10	2022-05-04 00:18:56.979954	2022-05-04 00:18:56.979954	26061632
2519	199	10	0	f	1	4	14	10	2022-05-04 00:18:56.979954	2022-05-04 00:18:56.979954	26061633
2520	200	10	0	f	1	2	11	10	2022-05-04 00:21:51.891615	2022-05-04 00:21:51.891615	26061634
2521	200	10	0	f	1	2	12	10	2022-05-04 00:21:51.891615	2022-05-04 00:21:51.891615	26061635
2522	200	10	0	f	1	2	13	10	2022-05-04 00:21:51.891615	2022-05-04 00:21:51.891615	26061636
2523	200	20	0	f	1	2	35	10	2022-05-04 00:21:51.891615	2022-05-04 00:21:51.891615	26061637
2524	200	20	0	f	1	2	36	10	2022-05-04 00:21:51.891615	2022-05-04 00:21:51.891615	26061638
2525	200	15	0	f	1	2	28	10	2022-05-04 00:21:51.891615	2022-05-04 00:21:51.891615	26061639
2526	200	1	0	f	1	2	26	10	2022-05-04 00:21:51.891615	2022-05-04 00:21:51.891615	26061640
2527	200	1	0	f	1	2	27	10	2022-05-04 00:21:51.891615	2022-05-04 00:21:51.891615	26061641
2528	200	1	0	f	1	2	28	10	2022-05-04 00:21:51.891615	2022-05-04 00:21:51.891615	26061642
2529	200	1	0	f	1	2	29	10	2022-05-04 00:21:51.891615	2022-05-04 00:21:51.891615	26061643
2530	200	1	0	f	1	2	30	10	2022-05-04 00:21:51.891615	2022-05-04 00:21:51.891615	26061644
2531	200	1	0	f	1	2	31	10	2022-05-04 00:21:51.891615	2022-05-04 00:21:51.891615	26061645
2532	200	1	0	f	1	2	32	10	2022-05-04 00:21:51.891615	2022-05-04 00:21:51.891615	26061646
2533	200	1	0	f	1	2	33	10	2022-05-04 00:21:51.891615	2022-05-04 00:21:51.891615	26061647
2534	200	1	0	f	1	2	34	10	2022-05-04 00:21:51.891615	2022-05-04 00:21:51.891615	26061648
2535	200	1	0	f	1	2	35	10	2022-05-04 00:21:51.891615	2022-05-04 00:21:51.891615	26061649
2536	200	1	0	f	1	2	36	10	2022-05-04 00:21:51.891615	2022-05-04 00:21:51.891615	26061650
2537	200	1	0	f	1	2	0	10	2022-05-04 00:21:51.891615	2022-05-04 00:21:51.891615	26061651
2538	200	1	0	f	1	2	00	10	2022-05-04 00:21:51.891615	2022-05-04 00:21:51.891615	26061652
2539	200	10	0	f	1	11	11	10	2022-05-04 00:21:51.891615	2022-05-04 00:21:51.891615	26061653
2540	200	10	0	f	1	11	12	10	2022-05-04 00:21:51.891615	2022-05-04 00:21:51.891615	26061654
2541	200	10	0	f	1	11	13	10	2022-05-04 00:21:51.891615	2022-05-04 00:21:51.891615	26061655
2542	200	10	0	f	1	24	11	10	2022-05-04 00:21:51.891615	2022-05-04 00:21:51.891615	26061656
2543	200	10	0	f	1	24	12	10	2022-05-04 00:21:51.891615	2022-05-04 00:21:51.891615	26061657
2544	200	10	0	f	1	24	13	10	2022-05-04 00:21:51.891615	2022-05-04 00:21:51.891615	26061658
2545	201	1	0	f	1	2	1	10	2022-05-04 00:22:50.171502	2022-05-04 00:22:50.171502	26061659
2546	201	1	0	f	1	2	2	10	2022-05-04 00:22:50.171502	2022-05-04 00:22:50.171502	26061660
2547	201	1	0	f	1	2	3	10	2022-05-04 00:22:50.171502	2022-05-04 00:22:50.171502	26061661
2548	201	1	0	f	1	2	4	10	2022-05-04 00:22:50.171502	2022-05-04 00:22:50.171502	26061662
2549	201	1	0	f	1	2	5	10	2022-05-04 00:22:50.171502	2022-05-04 00:22:50.171502	26061663
2550	201	1	0	f	1	2	6	10	2022-05-04 00:22:50.171502	2022-05-04 00:22:50.171502	26061664
2551	201	1	0	f	1	2	7	10	2022-05-04 00:22:50.171502	2022-05-04 00:22:50.171502	26061665
2552	201	1	0	f	1	2	8	10	2022-05-04 00:22:50.171502	2022-05-04 00:22:50.171502	26061666
2553	201	1	0	f	1	2	9	10	2022-05-04 00:22:50.171502	2022-05-04 00:22:50.171502	26061667
2554	201	1	0	f	1	2	10	10	2022-05-04 00:22:50.171502	2022-05-04 00:22:50.171502	26061668
2555	201	1	0	f	1	2	18	10	2022-05-04 00:22:50.171502	2022-05-04 00:22:50.171502	26061669
2556	201	1	0	f	1	2	19	10	2022-05-04 00:22:50.171502	2022-05-04 00:22:50.171502	26061670
2557	201	1	0	f	1	2	20	10	2022-05-04 00:22:50.171502	2022-05-04 00:22:50.171502	26061671
2558	201	20	0	f	1	2	1	10	2022-05-04 00:22:50.171502	2022-05-04 00:22:50.171502	26061672
2559	201	20	0	f	1	2	31	10	2022-05-04 00:22:50.171502	2022-05-04 00:22:50.171502	26061673
2560	201	20	0	f	1	2	33	10	2022-05-04 00:22:50.171502	2022-05-04 00:22:50.171502	26061674
2561	201	10	0	f	1	3	26	10	2022-05-04 00:22:50.171502	2022-05-04 00:22:50.171502	26061675
2562	201	10	0	f	1	3	27	10	2022-05-04 00:22:50.171502	2022-05-04 00:22:50.171502	26061676
2563	201	10	0	f	1	3	35	10	2022-05-04 00:22:50.171502	2022-05-04 00:22:50.171502	26061677
2564	201	10	0	f	1	3	36	10	2022-05-04 00:22:50.171502	2022-05-04 00:22:50.171502	26061678
2565	201	10	0	f	1	4	26	10	2022-05-04 00:22:50.171502	2022-05-04 00:22:50.171502	26061679
2566	201	10	0	f	1	4	27	10	2022-05-04 00:22:50.171502	2022-05-04 00:22:50.171502	26061680
2567	201	10	0	f	1	4	35	10	2022-05-04 00:22:50.171502	2022-05-04 00:22:50.171502	26061681
2568	201	10	0	f	1	4	36	10	2022-05-04 00:22:50.171502	2022-05-04 00:22:50.171502	26061682
2569	202	10	0	f	1	90	00	10	2022-05-04 00:39:07.574055	2022-05-04 00:39:07.574055	26061692
2570	203	10	0	f	1	90	00	10	2022-05-04 00:40:49.371078	2022-05-04 00:40:49.371078	26061695
2571	203	10	0	f	1	90	01	10	2022-05-04 00:40:49.371078	2022-05-04 00:40:49.371078	26061696
2572	204	10	0	f	1	90	00	10	2022-05-04 00:43:59.174857	2022-05-04 00:43:59.174857	26061701
2573	204	10	0	f	1	90	001	10	2022-05-04 00:43:59.174857	2022-05-04 00:43:59.174857	26061702
\.


--
-- Data for Name: integrators; Type: TABLE DATA; Schema: public; Owner: postgres
--

COPY public.integrators (id, name, phone, address, email, apikey, status, product_settings, setting_apis, created_at, updated_at, users, legal_name, dni) FROM stdin;
3	Rocky	+5804126453792	Margarita	admin@rocky.com	0b4c3c59be2cca8c576842647e8ed765ab0f1f2fc85339ba202124b467d7d10d	t	\N	{"balance": {"url": "https://bor.sellatuparley.com/api_caribeapuesta/balance?player_id=", "mehtod": "GET"}, "casher_transaction": {"url": "https://bor.sellatuparley.com/api_caribeapuesta/transaction", "method": "POST", "params": ["amount", "type_transaction", "description", "reference", "player_id", "credit_type"]}}	2022-02-03 15:41:48.395868	2022-02-14 20:58:40.546429	{"USD": {"password": "123456", "username": "TESTPROD"}, "VES": {"password": "0000", "username": "userwebtest"}}	\N	\N
2	Caribe Apuestas	+5804126453792	Margarita	admin@caribeapuestas.com	e641acd1cf5a122bdefbc4969fbac6000904ac978496f3f254bc42a2e12b9b8d	t	\N	{"balance": {"url": "https://ca02-vm03.sagcit.com/GCIT.Api/api/CaribeApuestas/saldo?player_id=", "mehtod": "GET"}, "casher_transaction": {"url": "https://ca02-vm03.sagcit.com/GCIT.Api/api/CaribeApuestas/transaccion", "method": "POST", "params": ["amount", "type_transaction", "description", "reference", "player_id", "credit_type"]}}	2021-08-17 22:04:49.37974	2022-03-03 19:45:27.464182	{"USD": {"password": "123456", "username": "TESTPROD"}, "VES": {"password": "0000", "username": "userwebtest"}}	CARIBEAPUESTAS	J-409540634
4	Integrator Centro de Apuestas	+584141234567	Maracaibo	admin@centrodeapuestas.com	a50f74ffe424c2f652e10e42112602ee5546	t	\N	{"balance": {"url": "https://www.centrodeapuestas.com/external/api/v1/sales/player_balance?player_id=", "mehtod": "GET"}, "casher_transaction": {"url": "https://www.centrodeapuestas.com/external/api/v1/sales/player_operacion", "method": "POST", "params": ["amount", "type_transaction", "description", "reference", "player_id", "credit_type"]}}	2021-08-17 22:04:49.371	2022-03-03 19:45:57.055996	{"USD": {"password": "123456", "username": "TESTPROD"}, "VES": {"password": "0000", "username": "userwebtest"}}	CENTRODEAPUESTAS.COM	J-20236734-4
\.


--
-- Data for Name: lottery_setups; Type: TABLE DATA; Schema: public; Owner: postgres
--

COPY public.lottery_setups (id, mmt, mpj, jpt, mt, created_at, updated_at) FROM stdin;
1	10000	10000	500	1000	2021-08-17 22:04:49.346108	2021-08-17 22:04:49.346108
\.


--
-- Data for Name: players; Type: TABLE DATA; Schema: public; Owner: postgres
--

COPY public.players (id, email, cedula, player_id, company, site, integrator_id, created_at, updated_at, username, password, token, currency) FROM stdin;
1	Vlapenta@gmail.com	\N	40033	cordialito	GrupoCordialito	2	2021-08-17 21:59:14.1516	2021-11-09 17:18:23.496174	\N	\N	\N	VES
2	victor_abaco@hotmail.com	\N	465788	cordialito	GrupoCordialito	2	2021-11-11 17:28:22.62443	2021-11-11 17:28:22.62443	\N	\N	\N	USD
3	gc87654322@loteriavenezuela.com	\N	80763	Cordialito	GrupoCordialito	2	2021-11-11 18:13:20.765877	2021-11-11 18:13:20.765877	\N	\N	\N	VES
4	DeGC36@loteriavenezuela.com	\N	465788	Cordialito	CaribeApuesta	2	2021-11-11 18:17:22.762385	2021-11-11 18:17:22.762385	\N	\N	\N	VES
5	pablo.marcano.16@gmail.com	\N	40033	cordialito	GrupoCordialito	2	2022-01-06 18:52:41.623971	2022-01-06 18:52:41.623971	\N	\N	\N	\N
6	Vlapenta@gmail.com	\N	1	cordialito	GrupoCordialito	3	2022-02-03 15:56:38.039308	2022-02-03 15:56:38.039308	\N	\N	\N	\N
7	Vlapenta@gmail.com	\N	4006	cordialito	GrupoCordialito	3	2022-02-07 23:30:02.677074	2022-02-07 23:30:02.677074	\N	\N	\N	USD
8	Vlapenta@gmail.com	\N	4006	cordialito	GrupoCordialito	2	2022-02-07 23:30:10.256495	2022-02-07 23:30:10.256495	\N	\N	\N	USD
9	Vlapenta@gmail.com	\N	4033	cordialito	GrupoCordialito	2	2022-02-09 14:33:13.52062	2022-02-09 14:33:13.52062	\N	\N	\N	USD
10	SP18326459@sellatuparley.com	\N	15	sellatuparley	\N	3	2022-02-22 17:13:44.499378	2022-02-22 17:13:44.499378	\N	\N	\N	VES
12	erick2109@gmail.com	\N	346	www.centrodeapuestas.com	\N	4	2022-03-03 10:53:38.768451	2022-03-03 10:53:38.768451	\N	\N	\N	VES
13	erick2109@gmail.com	\N	250	www.centrodeapuestas.com	\N	4	2022-03-03 12:07:06.65797	2022-03-03 12:07:06.65797	\N	\N	\N	VES
14	SP18326459@sellatuparley.com	\N	40033	sellatuparley	\N	2	2022-03-18 13:41:10.28358	2022-03-18 13:41:10.28358	\N	\N	\N	VES
15	SP18326459@sellatuparley.com	\N	15	sellatuparley	\N	2	2022-09-22 14:06:23.570806	2022-09-22 14:06:23.570806	\N	\N	\N	VES
\.


--
-- Data for Name: products; Type: TABLE DATA; Schema: public; Owner: postgres
--

COPY public.products (id, name, rules, url, type_product, created_at, updated_at) FROM stdin;
1	Triple Caracas	http://www.triplecaracas.com/assets/REGLAMENTOWEB.pdf	http://www.triplecaracas.com/	1	2021-08-17 22:04:49.39626	2021-08-17 22:04:49.39626
2	Triple Caliente	http://triplecaliente.com.ve/images/ReglamentodeJuegoTripleCaliente.pdf	http://triplecaliente.com.ve	1	2021-08-17 22:04:49.402573	2021-08-17 22:04:49.402573
3	Triple Zulia	http://resultadostriplezulia.com/images/ReglamentodeJuegoTripleZulia_23-10-2015.pdf	http://resultadostriplezulia.com	1	2021-08-17 22:04:49.407183	2021-08-17 22:04:49.407183
4	Zamorano	http://triplezamorano.com/images/Reglamento_TripleZamorano_23-10-2015.pdf	http://triplezamorano.com/	1	2021-08-17 22:04:49.411315	2021-08-17 22:04:49.411315
5	Jungla Millonaria	http://junglamillonaria.com/images/Reglamento_Jungla_Millonaria.pdf	http://junglamillonaria.com/	0	2021-08-17 22:04:49.41537	2021-08-17 22:04:49.41537
6	La Granjita	https://iframe.centrodeapuestas.com/rules-la-granjita.pdf	https://lagranjitaonline.com/	0	2021-08-17 22:04:49.419108	2021-08-17 22:04:49.419108
7	La granjita internacional		https://www.instagram.com/lagranjitainternacional	0	2021-08-17 22:04:49.428124	2021-08-17 22:04:49.428124
8	Ruleta activa		\N	0	2021-08-17 22:04:49.432058	2021-08-17 22:04:49.432058
9	La Ricachona		https://www.instagram.com/laricachonavzla/	1	2021-08-17 22:04:49.437646	2021-08-17 22:04:49.437646
\.


--
-- Data for Name: schema_migrations; Type: TABLE DATA; Schema: public; Owner: postgres
--

COPY public.schema_migrations (version) FROM stdin;
20210303014105
20210303014335
20210303015207
20210303140922
20210603014455
20210611030505
20210611031201
20210616041933
20210624235852
20210709025357
20210709030034
20210818004752
20210819010752
20210823182918
20211109153146
20220203221337
20220206013328
20220303164702
20220303190104
20220303221200
20220303223448
\.


--
-- Data for Name: tickets; Type: TABLE DATA; Schema: public; Owner: postgres
--

COPY public.tickets (id, number, confirm, total_amount, cant_bets, remote_user_id, ticket_status_id, prize, payed, remote_center_id, remote_agency_id, remote_group_id, remote_master_center_id, date_pay, security, player_id, created_at, updated_at, ticket_string, response) FROM stdin;
26	881538	817	180000	9	13	1	0	f	2	3	5	1	\N	20210823193851	1	2021-08-23 19:38:52.793603	2021-08-23 19:38:52.793603	CARIBEAPUESTAS\nRIF: J-409540634\nTicket: #881538\nSerial/S: 817EFFF\nFecha/Hora: 23/08/2021 19:38\n--------------------------------\nTRIPLE ZULIA A 7:05 PM:\n125- 225- 325- 425- 525- 625- 725- 825- 925\n--------------------------------\nJugadas: 9\nTotal: 180000.0\n	\N
28	881545	0	80000000	1	13	1	0	f	2	3	5	1	\N	20210823195726	1	2021-08-23 19:57:27.698367	2021-08-23 19:57:27.698367	CARIBEAPUESTAS\nRIF: J-409540634\nTicket: #881545\nSerial/S: D0AB391\nFecha/Hora: 23/08/2021 19:57\n--------------------------------\nLA RICACHONA 11:15 PM:\n123\n--------------------------------\nJugadas: 1\nTotal: 80000000.0\n	\N
29	881547	6	400000	20	13	1	0	f	2	3	5	1	\N	20210823201520	1	2021-08-23 20:15:21.434522	2021-08-23 20:15:21.434522	CARIBEAPUESTAS\nRIF: J-409540634\nTicket: #881547\nSerial/S: 6BA16D2\nFecha/Hora: 23/08/2021 20:15\n--------------------------------\nLA RICACHONA 11:15 PM:\n123- 321- 456- 987\nLA RICACHONA 5:15 PM:\n123- 321- 456- 987\nLA RICACHONA 6:15 PM:\n123- 321- 456- 987\nLA RICACHONA 7:15 PM:\n123- 321- 456- 987\nLA RICACHONA 8:15 PM:\n123- 321- 456- 987\n--------------------------------\nJugadas: 20\nTotal: 400000.0\n	\N
30	881548	66	20000	1	13	1	0	f	2	3	5	1	\N	20210823201608	1	2021-08-23 20:16:09.101033	2021-08-23 20:16:09.101033	CARIBEAPUESTAS\nRIF: J-409540634\nTicket: #881548\nSerial/S: 66A4492\nFecha/Hora: 23/08/2021 20:16\n--------------------------------\nLA RICACHONA 5:15 PM:\n123\n--------------------------------\nJugadas: 1\nTotal: 20000.0\n	\N
31	881549	7	20000	1	13	1	0	f	2	3	5	1	\N	20210823201632	1	2021-08-23 20:16:33.295259	2021-08-23 20:16:33.295259	CARIBEAPUESTAS\nRIF: J-409540634\nTicket: #881549\nSerial/S: 7DB4266\nFecha/Hora: 23/08/2021 20:16\n--------------------------------\nLA RICACHONA 5:15 PM:\n852\n--------------------------------\nJugadas: 1\nTotal: 20000.0\n	\N
32	881550	0	60000	3	13	1	0	f	2	3	5	1	\N	20210823201743	1	2021-08-23 20:17:44.302356	2021-08-23 20:17:44.302356	CARIBEAPUESTAS\nRIF: J-409540634\nTicket: #881550\nSerial/S: C20AD38\nFecha/Hora: 23/08/2021 20:17\n--------------------------------\nLA RICACHONA 5:15 PM:\n123- 879- 785\n--------------------------------\nJugadas: 3\nTotal: 60000.0\n	\N
34	881552	0	9000000	1	13	1	0	f	2	3	5	1	\N	20210824191930	1	2021-08-24 19:19:31.040111	2021-08-24 19:19:31.040111	CARIBEAPUESTAS\nRIF: J-409540634\nTicket: #881552\nSerial/S: CC99090\nFecha/Hora: 24/08/2021 19:19\n--------------------------------\nLA GRANJITA 4:00 PM:\n03\n--------------------------------\nJugadas: 1\nTotal: 9000000.0\n	\N
37	881555	0	20000	1	13	1	0	f	2	3	5	1	\N	20210824235624	1	2021-08-24 23:56:25.116756	2021-08-24 23:56:25.116756	CARIBEAPUESTAS\nRIF: J-409540634\nTicket: #881555\nSerial/S: D208B2E\nFecha/Hora: 24/08/2021 23:56\n--------------------------------\nLA RICACHONA 8:15 PM:\n56\n--------------------------------\nJugadas: 1\nTotal: 20000.0\n	\N
38	881556	0	180000	9	13	1	0	f	2	3	5	1	\N	20210824235636	1	2021-08-24 23:56:37.053281	2021-08-24 23:56:37.053281	CARIBEAPUESTAS\nRIF: J-409540634\nTicket: #881556\nSerial/S: D39EF1E\nFecha/Hora: 24/08/2021 23:56\n--------------------------------\nLA RICACHONA 8:15 PM:\n158- 258- 358- 458- 558- 658- 758- 858- 958\n--------------------------------\nJugadas: 9\nTotal: 180000.0\n	\N
39	881557	5400	180000	9	13	1	0	f	2	3	5	1	\N	20210824235709	1	2021-08-24 23:57:10.46733	2021-08-24 23:57:10.46733	CARIBEAPUESTAS\nRIF: J-409540634\nTicket: #881557\nSerial/S: 5400C35\nFecha/Hora: 24/08/2021 23:57\n--------------------------------\nLA RICACHONA 8:15 PM:\n169- 269- 369- 469- 569- 669- 769- 869- 969\n--------------------------------\nJugadas: 9\nTotal: 180000.0\n	\N
33	881551	1	200000	1	13	1	140000000	t	2	3	5	1	1629850918	20210824134018	1	2021-08-24 13:40:19.81428	2021-08-25 00:21:58.995291	CARIBEAPUESTAS\nRIF: J-409540634\nTicket: #881551\nSerial/S: 1CAEE1D\nFecha/Hora: 24/08/2021 13:40\n--------------------------------\nLA RICACHONA 11:15 PM:\n123\n--------------------------------\nJugadas: 1\nTotal: 200000.0\n	\N
42	881564	0	5786050	1	13	1	4050235000	t	2	3	5	1	1629986966	20210826140856	1	2021-08-26 14:08:57.926712	2021-08-26 14:09:26.165013	CARIBEAPUESTAS\nRIF: J-409540634\nTicket: #881564\nSerial/S: F17395A\nFecha/Hora: 26/08/2021 14:08\n--------------------------------\nLA RICACHONA 10:15 AM:\n123\n--------------------------------\nJugadas: 1\nTotal: 5786050.0\n	\N
36	881554	7163	180000	9	13	1	14000000	t	2	3	5	1	1629850919	20210824235611	1	2021-08-24 23:56:12.455718	2021-08-25 00:21:59.443225	CARIBEAPUESTAS\nRIF: J-409540634\nTicket: #881554\nSerial/S: 7163A60\nFecha/Hora: 24/08/2021 23:56\n--------------------------------\nLA RICACHONA 8:15 PM:\n123- 223- 323- 423- 523- 623- 723- 823- 923\n--------------------------------\nJugadas: 9\nTotal: 180000.0\n	\N
40	881558	0	720000	36	13	1	1400000	t	2	3	5	1	1629852237	20210825000447	1	2021-08-25 00:04:48.387363	2021-08-25 00:43:57.583949	CARIBEAPUESTAS\nRIF: J-409540634\nTicket: #881558\nSerial/S: D12CD9D\nFecha/Hora: 25/08/2021 00:04\n--------------------------------\nLA RICACHONA 11:15 PM:\n112- 212- 312- 412- 512- 612- 712- 812- 912- 123- 223- 323- 423- 523- 623- 723- 823- 923- 168- 268- 368- 468- 568- 668- 768- 868- 968- 18- 28- 38- 48- 58- 68- 78- 88- 98\n--------------------------------\nJugadas: 36\nTotal: 720000.0\n	\N
35	881553	60860	1000000	1	13	1	700000000	t	2	3	5	1	1629852237	20210824195940	1	2021-08-24 19:59:41.864558	2021-08-25 00:43:57.792156	CARIBEAPUESTAS\nRIF: J-409540634\nTicket: #881553\nSerial/S: 60860A9\nFecha/Hora: 24/08/2021 19:59\n--------------------------------\nLA RICACHONA 4:15 PM:\n123\n--------------------------------\nJugadas: 1\nTotal: 1000000.0\n	\N
41	881559	329	900000	45	13	1	14000000	t	2	3	5	1	1629854209	20210825000510	1	2021-08-25 00:05:11.994266	2021-08-25 01:16:49.286915	CARIBEAPUESTAS\nRIF: J-409540634\nTicket: #881559\nSerial/S: 329A82A\nFecha/Hora: 25/08/2021 00:05\n--------------------------------\nLA RICACHONA 11:15 PM:\n112- 212- 312- 412- 512- 612- 712- 812- 912- 145- 245- 345- 445- 545- 645- 745- 845- 945- 178- 278- 378- 478- 578- 678- 778- 878- 978- 196- 296- 396- 496- 596- 696- 796- 896- 996- 136- 236- 336- 436- 536- 636- 736- 836- 936\n--------------------------------\nJugadas: 45\nTotal: 900000.0\n	\N
43	881565	9	20000000	1	13	1	1400000000	t	2	3	5	1	1629987194	20210826141251	1	2021-08-26 14:12:52.533523	2021-08-26 14:13:14.230652	CARIBEAPUESTAS\nRIF: J-409540634\nTicket: #881565\nSerial/S: 09BFE79\nFecha/Hora: 26/08/2021 14:12\n--------------------------------\nLA RICACHONA 12:15 PM:\n10\n--------------------------------\nJugadas: 1\nTotal: 20000000.0\n	\N
44	881566	9	1000000	1	13	1	700000000	t	2	3	5	1	1629987308	20210826141433	1	2021-08-26 14:14:34.596392	2021-08-26 14:15:08.801968	CARIBEAPUESTAS\nRIF: J-409540634\nTicket: #881566\nSerial/S: 9CBE3B4\nFecha/Hora: 26/08/2021 14:14\n--------------------------------\nLA RICACHONA 1:15 PM:\n123\n--------------------------------\nJugadas: 1\nTotal: 1000000.0\n	\N
27	881539	8708	8000000	1	13	1	50000000	t	2	3	5	1	1630031911	20210823193856	1	2021-08-23 19:38:56.880231	2021-08-27 02:38:31.640983	CARIBEAPUESTAS\nRIF: J-409540634\nTicket: #881539\nSerial/S: 8708AF9\nFecha/Hora: 23/08/2021 19:38\n--------------------------------\nLA RICACHONA 8:15 PM:\n815\n--------------------------------\nJugadas: 1\nTotal: 8000000.0\n	\N
45	881567	0	12600000	630	13	1	140000000	t	2	3	5	1	1629988039	20210826142329	1	2021-08-26 14:23:34.802076	2021-08-26 14:27:19.694161	CARIBEAPUESTAS\nRIF: J-409540634\nTicket: #881567\nSerial/S: BB6AA20\nFecha/Hora: 26/08/2021 14:23\n--------------------------------\nLA RICACHONA 11:15 PM:\n012- 021- 102- 120- 201- 210- 123- 132- 213- 231- 312- 321- 234- 243- 324- 342- 423- 432- 345- 354- 435- 453- 534- 543- 456- 465- 546- 564- 645- 654- 567- 576- 657- 675- 756- 765- 678- 687- 768- 786- 867- 876- 789- 798- 879- 897- 978- 987- 089- 098- 809- 890- 908- 980- 100- 200- 300- 400- 500- 600- 700- 800- 900\nLA RICACHONA 12:15 PM:\n012- 021- 102- 120- 201- 210- 123- 132- 213- 231- 312- 321- 234- 243- 324- 342- 423- 432- 345- 354- 435- 453- 534- 543- 456- 465- 546- 564- 645- 654- 567- 576- 657- 675- 756- 765- 678- 687- 768- 786- 867- 876- 789- 798- 879- 897- 978- 987- 089- 098- 809- 890- 908- 980- 100- 200- 300- 400- 500- 600- 700- 800- 900\nLA RICACHONA 1:15 PM:\n012- 021- 102- 120- 201- 210- 123- 132- 213- 231- 312- 321- 234- 243- 324- 342- 423- 432- 345- 354- 435- 453- 534- 543- 456- 465- 546- 564- 645- 654- 567- 576- 657- 675- 756- 765- 678- 687- 768- 786- 867- 876- 789- 798- 879- 897- 978- 987- 089- 098- 809- 890- 908- 980- 100- 200- 300- 400- 500- 600- 700- 800- 900\nLA RICACHONA 2:15 PM:\n012- 021- 102- 120- 201- 210- 123- 132- 213- 231- 312- 321- 234- 243- 324- 342- 423- 432- 345- 354- 435- 453- 534- 543- 456- 465- 546- 564- 645- 654- 567- 576- 657- 675- 756- 765- 678- 687- 768- 786- 867- 876- 789- 798- 879- 897- 978- 987- 089- 098- 809- 890- 908- 980- 100- 200- 300- 400- 500- 600- 700- 800- 900\nLA RICACHONA 3:15 PM:\n012- 021- 102- 120- 201- 210- 123- 132- 213- 231- 312- 321- 234- 243- 324- 342- 423- 432- 345- 354- 435- 453- 534- 543- 456- 465- 546- 564- 645- 654- 567- 576- 657- 675- 756- 765- 678- 687- 768- 786- 867- 876- 789- 798- 879- 897- 978- 987- 089- 098- 809- 890- 908- 980- 100- 200- 300- 400- 500- 600- 700- 800- 900\nLA RICACHONA 4:15 PM:\n012- 021- 102- 120- 201- 210- 123- 132- 213- 231- 312- 321- 234- 243- 324- 342- 423- 432- 345- 354- 435- 453- 534- 543- 456- 465- 546- 564- 645- 654- 567- 576- 657- 675- 756- 765- 678- 687- 768- 786- 867- 876- 789- 798- 879- 897- 978- 987- 089- 098- 809- 890- 908- 980- 100- 200- 300- 400- 500- 600- 700- 800- 900\nLA RICACHONA 5:15 PM:\n012- 021- 102- 120- 201- 210- 123- 132- 213- 231- 312- 321- 234- 243- 324- 342- 423- 432- 345- 354- 435- 453- 534- 543- 456- 465- 546- 564- 645- 654- 567- 576- 657- 675- 756- 765- 678- 687- 768- 786- 867- 876- 789- 798- 879- 897- 978- 987- 089- 098- 809- 890- 908- 980- 100- 200- 300- 400- 500- 600- 700- 800- 900\nLA RICACHONA 6:15 PM:\n012- 021- 102- 120- 201- 210- 123- 132- 213- 231- 312- 321- 234- 243- 324- 342- 423- 432- 345- 354- 435- 453- 534- 543- 456- 465- 546- 564- 645- 654- 567- 576- 657- 675- 756- 765- 678- 687- 768- 786- 867- 876- 789- 798- 879- 897- 978- 987- 089- 098- 809- 890- 908- 980- 100- 200- 300- 400- 500- 600- 700- 800- 900\nLA RICACHONA 7:15 PM:\n012- 021- 102- 120- 201- 210- 123- 132- 213- 231- 312- 321- 234- 243- 324- 342- 423- 432- 345- 354- 435- 453- 534- 543- 456- 465- 546- 564- 645- 654- 567- 576- 657- 675- 756- 765- 678- 687- 768- 786- 867- 876- 789- 798- 879- 897- 978- 987- 089- 098- 809- 890- 908- 980- 100- 200- 300- 400- 500- 600- 700- 800- 900\nLA RICACHONA 8:15 PM:\n012- 021- 102- 120- 201- 210- 123- 132- 213- 231- 312- 321- 234- 243- 324- 342- 423- 432- 345- 354- 435- 453- 534- 543- 456- 465- 546- 564- 645- 654- 567- 576- 657- 675- 756- 765- 678- 687- 768- 786- 867- 876- 789- 798- 879- 897- 978- 987- 089- 098- 809- 890- 908- 980- 100- 200- 300- 400- 500- 600- 700- 800- 900\n--------------------------------\nJugadas: 630\nTotal: 12600000.0\n	\N
46	881568	3	65500000	6	13	1	0	f	2	3	5	1	\N	20210826151015	1	2021-08-26 15:10:16.186867	2021-08-26 15:10:16.186867	CARIBEAPUESTAS\nRIF: J-409540634\nTicket: #881568\nSerial/S: 3D9D244\nFecha/Hora: 26/08/2021 15:10\n--------------------------------\nLA GRANJITA 12:00 PM:\n01\nLA GRANJITA INTERNACIONAL 12:30 PM:\n01\nRULETA ACTIVA 12:00 PM:\n01\nRULETA ACTIVA INTERNACIONAL 12:30 PM:\n01\nLOTTO ACTIVO 12:00P.M:\n01\nJUNGLA MILLONARIA 12:00 P.M:\n01\n--------------------------------\nJugadas: 6\nTotal: 65500000.0\n	\N
47	881571	3519458	380000	19	13	1	0	f	2	3	5	1	\N	20210827144020	1	2021-08-27 14:40:21.819428	2021-08-27 14:40:21.819428	CARIBEAPUESTAS\nRIF: J-409540634\nTicket: #881571\nSerial/S: 3519458\nFecha/Hora: 27/08/2021 14:40\n--------------------------------\nLA RICACHONA 12:15 PM:\n123- 132- 213- 231- 312- 321- 245- 254- 425- 452- 524- 542- 158- 185- 518- 581- 815- 851- 20\n--------------------------------\nJugadas: 19\nTotal: 380000.0\n	\N
48	881572	0	180000	9	13	1	0	f	2	3	5	1	\N	20210827145018	1	2021-08-27 14:50:19.658691	2021-08-27 14:50:19.658691	CARIBEAPUESTAS\nRIF: J-409540634\nTicket: #881572\nSerial/S: B4F9CCE\nFecha/Hora: 27/08/2021 14:50\n--------------------------------\nTRIPLE ZULIA A 7:05 PM:\n112- 212- 312- 412- 512- 612- 712- 812- 912\n--------------------------------\nJugadas: 9\nTotal: 180000.0\n	\N
49	881573	34	20000	1	13	1	1400000	t	2	3	5	1	1630087646	20210827145353	1	2021-08-27 14:53:54.276902	2021-08-27 18:07:26.641725	CARIBEAPUESTAS\nRIF: J-409540634\nTicket: #881573\nSerial/S: 34BE160\nFecha/Hora: 27/08/2021 14:53\n--------------------------------\nTRIPLE ZULIA A 7:05 PM:\n10\n--------------------------------\nJugadas: 1\nTotal: 20000.0\n	\N
50	881574	78	10320000	1	13	1	722400000	t	2	3	5	1	1630088137	20210827181502	1	2021-08-27 18:15:03.35092	2021-08-27 18:15:37.745064	CARIBEAPUESTAS\nRIF: J-409540634\nTicket: #881574\nSerial/S: 78D6D03\nFecha/Hora: 27/08/2021 18:15\n--------------------------------\nLA RICACHONA 3:15 PM:\n10\n--------------------------------\nJugadas: 1\nTotal: 10320000.0\n	\N
51	881725	0	20000	1	13	1	0	f	2	3	5	1	\N	20210910151423	1	2021-09-10 15:14:24.616514	2021-09-10 15:14:24.616514	CARIBEAPUESTAS\nRIF: J-409540634\nTicket: #881725\nSerial/S: 0FE9E23\nFecha/Hora: 10/09/2021 15:14\n--------------------------------\nLA RICACHONA 12:15 PM:\n000\n--------------------------------\nJugadas: 1\nTotal: 20000.0\n	\N
52	881726	4	40000	2	13	1	0	f	2	3	5	1	\N	20210910151546	1	2021-09-10 15:15:47.562825	2021-09-10 15:15:47.562825	CARIBEAPUESTAS\nRIF: J-409540634\nTicket: #881726\nSerial/S: 04A96F5\nFecha/Hora: 10/09/2021 15:15\n--------------------------------\nLA RICACHONA 12:15 PM:\n000\nLA RICACHONA 1:15 PM:\n000\n--------------------------------\nJugadas: 2\nTotal: 40000.0\n	\N
53	2209090	38	10	2	2901	1	0	f	58	1799	214	1	\N	20211104003415	1	2021-11-04 00:34:17.129078	2021-11-04 00:34:17.129078	CARIBEAPUESTAS\nRIF: J-409540634\nTicket: #2209090\nSerial/S: 38BAB2E\nFecha/Hora: 04/11/2021 00:34\n--------------------------------\nANIMALITOS LA RICACHONA 8:45 PM:\n01- 02\n--------------------------------\nJugadas: 2\nTotal: 10.0\n	\N
54	2209091	0	7.43	18	2901	1	0	f	58	1799	214	1	\N	20211104214604	1	2021-11-04 21:46:05.993986	2021-11-04 21:46:05.993986	CARIBEAPUESTAS\nRIF: J-409540634\nTicket: #2209091\nSerial/S: F485B54\nFecha/Hora: 04/11/2021 21:46\n--------------------------------\nLA RICACHONA 6:15 PM:\n000\nLA RICACHONA 7:15 PM:\n000\nLA RICACHONA 8:15 PM:\n000\nLA RUCA VZLA 6:15 PM:\n000\nLA RUCA VZLA 7:15 PM:\n000\nTRIPLE ZULIA A 7:05 PM:\n000\nTRIPLE ZAMORANO A 7:00 PM:\n000\nTRIPLE CALIENTE A 7:10 PM:\n000\nTRIPLE ZULIA B 7:05 PM:\n000\nTRIPLE ZULIA C 7:05 PM:\n000\nTRIPLE ZAMORANO  C 7:00 PM:\n000\nTRIPLE CALIENTE B 7:10 PM:\n000\nTRIPLE CALIENTE C 7:10 PM:\n000\nTRIPLE CARACAS A 7:00 PM:\n000\nTRIPLE CARACAS B 7:00PM:\n000\nTRIPLE CARACAS C 7:00 PM:\n000\nTRIPLE ORIENTE A 7PM:\n000\nTRIPLE ORIENTE B 7PM:\n000\n--------------------------------\nJugadas: 18\nTotal: 7.43\n	\N
55	3136945	78921	92.09	1	2929	1	0	f	64	1811	249	1	\N	20211230154427	1	2021-12-30 15:44:30.056458	2021-12-30 15:44:30.056458	CARIBEAPUESTAS\nRIF: J-409540634\nTicket: #3136945\nSerial/S: 78921CE\nFecha/Hora: 30/12/2021 15:44\n--------------------------------\nLA RICACHONA 12:15 PM:\n123\n--------------------------------\nJugadas: 1\nTotal: 92.09\n	\N
56	3136946	8920802	100	1	2929	1	0	f	64	1811	249	1	\N	20211230214258	1	2021-12-30 21:43:00.084452	2021-12-30 21:43:00.084452	CARIBEAPUESTAS\nRIF: J-409540634\nTicket: #3136946\nSerial/S: 8920802\nFecha/Hora: 30/12/2021 21:43\n--------------------------------\nLA RICACHONA 6:15 PM:\n10\n--------------------------------\nJugadas: 1\nTotal: 100.0\n	\N
61	3253759	777	1	1	2929	1	0	f	64	1811	249	1	\N	20211230225906	1	2021-12-30 22:59:08.238722	2021-12-30 22:59:08.238722	CARIBEAPUESTAS\nRIF: J-409540634\nTicket: #3253759\nSerial/S: 777CE44\nFecha/Hora: 30/12/2021 22:59\n--------------------------------\nLA RICACHONA 7:15 PM:\n25\n--------------------------------\nJugadas: 1\nTotal: 1.0\n	\N
58	3253756	69	100	1	2929	1	0	f	64	1811	249	1	\N	20211230225233	1	2021-12-30 22:52:35.890657	2021-12-30 22:52:35.890657	CARIBEAPUESTAS\nRIF: J-409540634\nTicket: #3253756\nSerial/S: 69E5629\nFecha/Hora: 30/12/2021 22:52\n--------------------------------\nLA RICACHONA 7:15 PM:\n15\n--------------------------------\nJugadas: 1\nTotal: 100.0\n	\N
57	3253755	0	100	1	2929	1	6000	t	64	1811	249	1	1640904803	20211230224529	1	2021-12-30 22:45:31.183807	2021-12-30 22:53:23.344103	CARIBEAPUESTAS\nRIF: J-409540634\nTicket: #3253755\nSerial/S: A04EE75\nFecha/Hora: 30/12/2021 22:45\n--------------------------------\nLA RICACHONA 7:15 PM:\n69\n--------------------------------\nJugadas: 1\nTotal: 100.0\n	\N
59	3253757	72	50	1	2929	1	3000	t	64	1811	249	1	1640904949	20211230225427	1	2021-12-30 22:54:28.680051	2021-12-30 22:55:49.795473	CARIBEAPUESTAS\nRIF: J-409540634\nTicket: #3253757\nSerial/S: 72BAF8C\nFecha/Hora: 30/12/2021 22:54\n--------------------------------\nLA RICACHONA 7:15 PM:\n25\n--------------------------------\nJugadas: 1\nTotal: 50.0\n	\N
60	3253758	0	1	1	2929	1	0	f	64	1811	249	1	\N	20211230225750	1	2021-12-30 22:57:51.79362	2021-12-30 22:57:51.79362	CARIBEAPUESTAS\nRIF: J-409540634\nTicket: #3253758\nSerial/S: E0B51E8\nFecha/Hora: 30/12/2021 22:57\n--------------------------------\nLA RICACHONA 7:15 PM:\n25\n--------------------------------\nJugadas: 1\nTotal: 1.0\n	\N
62	3253760	2	48	1	2929	1	2880	t	64	1811	249	1	1640906062	20211230231031	1	2021-12-30 23:10:34.906511	2021-12-30 23:14:22.028195	CARIBEAPUESTAS\nRIF: J-409540634\nTicket: #3253760\nSerial/S: 2CBF79A\nFecha/Hora: 30/12/2021 23:10\n--------------------------------\nLA RICACHONA 8:15 PM:\n25\n--------------------------------\nJugadas: 1\nTotal: 48.0\n	\N
64	3253762	3342190	100	1	2929	1	60000	t	64	1811	249	1	1640907653	20211230233526	1	2021-12-30 23:35:27.65905	2021-12-30 23:40:53.197784	CARIBEAPUESTAS\nRIF: J-409540634\nTicket: #3253762\nSerial/S: 3342190\nFecha/Hora: 30/12/2021 23:35\n--------------------------------\nLA RICACHONA 8:15 PM:\n123\n--------------------------------\nJugadas: 1\nTotal: 100.0\n	\N
63	3253761	9	1	1	2929	1	120	t	64	1811	249	1	1640909296	20211230232021	1	2021-12-30 23:20:23.244766	2021-12-31 00:08:16.971904	CARIBEAPUESTAS\nRIF: J-409540634\nTicket: #3253761\nSerial/S: 9EF1BEF\nFecha/Hora: 30/12/2021 23:20\n--------------------------------\nLA RICACHONA 8:15 PM:\n25\n--------------------------------\nJugadas: 1\nTotal: 1.0\n	\N
65	3253763	17	100	1	2929	1	120000	t	64	1811	249	1	1640909297	20211230234604	1	2021-12-30 23:46:05.562581	2021-12-31 00:08:17.15246	CARIBEAPUESTAS\nRIF: J-409540634\nTicket: #3253763\nSerial/S: 17AF737\nFecha/Hora: 30/12/2021 23:46\n--------------------------------\nLA RICACHONA 8:15 PM:\n025\n--------------------------------\nJugadas: 1\nTotal: 100.0\n	\N
66	3253764	540	4	2	2929	1	480	t	64	1811	249	1	1640909297	20211230235904	1	2021-12-30 23:59:06.994203	2021-12-31 00:08:17.321678	CARIBEAPUESTAS\nRIF: J-409540634\nTicket: #3253764\nSerial/S: 540B7EE\nFecha/Hora: 30/12/2021 23:59\n--------------------------------\nLA RICACHONA 8:15 PM:\n25- 25\n--------------------------------\nJugadas: 2\nTotal: 4.0\n	\N
67	3253765	6722	25	5	2929	1	3000	t	64	1811	249	1	1640914388	20211230235919	1	2021-12-30 23:59:21.305582	2021-12-31 01:33:08.572998	CARIBEAPUESTAS\nRIF: J-409540634\nTicket: #3253765\nSerial/S: 6722C49\nFecha/Hora: 30/12/2021 23:59\n--------------------------------\nLA RICACHONA 8:15 PM:\n052- 205- 250- 502- 520\n--------------------------------\nJugadas: 5\nTotal: 25.0\n	\N
68	3253766	1	350	5	2929	1	42000	t	64	1811	249	1	1640914388	20211231012213	1	2021-12-31 01:22:15.614616	2021-12-31 01:33:08.732959	CARIBEAPUESTAS\nRIF: J-409540634\nTicket: #3253766\nSerial/S: 1EB4191\nFecha/Hora: 31/12/2021 01:22\n--------------------------------\nLA RICACHONA 10:15 PM:\n052- 205- 250- 502- 520\n--------------------------------\nJugadas: 5\nTotal: 350.0\n	\N
69	3253767	23709	100	5	2929	1	12000	t	64	1811	249	1	1640914388	20211231012232	1	2021-12-31 01:22:33.918266	2021-12-31 01:33:08.929075	CARIBEAPUESTAS\nRIF: J-409540634\nTicket: #3253767\nSerial/S: 23709DF\nFecha/Hora: 31/12/2021 01:22\n--------------------------------\nLA RICACHONA 10:15 PM:\n052- 205- 250- 502- 520\n--------------------------------\nJugadas: 5\nTotal: 100.0\n	\N
70	3253768	0	20	1	2929	1	12000	t	64	1811	249	1	1640915146	20211231013708	1	2021-12-31 01:37:10.371978	2021-12-31 01:45:46.062738	CARIBEAPUESTAS\nRIF: J-409540634\nTicket: #3253768\nSerial/S: B8BC260\nFecha/Hora: 31/12/2021 01:37\n--------------------------------\nLA RICACHONA 10:15 PM:\n099\n--------------------------------\nJugadas: 1\nTotal: 20.0\n	\N
71	3253769	7722	100	1	2929	1	60000	t	64	1811	249	1	1640915580	20211231014736	1	2021-12-31 01:47:38.29897	2021-12-31 01:53:00.937002	CARIBEAPUESTAS\nRIF: J-409540634\nTicket: #3253769\nSerial/S: 7722DBF\nFecha/Hora: 31/12/2021 01:47\n--------------------------------\nLA RICACHONA 10:15 PM:\n525\n--------------------------------\nJugadas: 1\nTotal: 100.0\n	\N
72	3253770	94	200	2	2929	1	0	f	64	1811	249	1	\N	20211231015807	1	2021-12-31 01:58:09.46976	2021-12-31 01:58:09.46976	CARIBEAPUESTAS\nRIF: J-409540634\nTicket: #3253770\nSerial/S: 94B4054\nFecha/Hora: 31/12/2021 01:58\n--------------------------------\nLA RICACHONA 10:15 PM:\n100- 102\n--------------------------------\nJugadas: 2\nTotal: 200.0\n	\N
73	3253771	69	1	1	2929	1	600	t	64	1811	249	1	1641326483	20211231020921	1	2021-12-31 02:09:25.00299	2022-01-04 20:01:23.871167	CARIBEAPUESTAS\nRIF: J-409540634\nTicket: #3253771\nSerial/S: 69B1728\nFecha/Hora: 31/12/2021 02:09\n--------------------------------\nLA RICACHONA 10:15 PM:\n001\n--------------------------------\nJugadas: 1\nTotal: 1.0\n	\N
76	3253798	97	7	1	2929	1	0	f	64	1811	249	1	\N	20220104200337	1	2022-01-04 20:03:59.625114	2022-01-04 20:03:59.625114	CARIBEAPUESTAS\nRIF: J-409540634\nTicket: #3253798\nSerial/S: 097EE29\nFecha/Hora: 04/01/2022 20:03\n--------------------------------\nLA RICACHONA 4:15 PM:\n050\n--------------------------------\nJugadas: 1\nTotal: 7.0\n	\N
77	3253772	8	64.44	1	2929	1	38664	t	64	1811	249	1	1641392304	20220105141203	1	2022-01-05 14:12:06.042326	2022-01-05 14:18:24.450032	CARIBEAPUESTAS\nRIF: J-409540634\nTicket: #3253772\nSerial/S: 8B70705\nFecha/Hora: 05/01/2022 14:12\n--------------------------------\nLA RICACHONA 11:15 AM:\n020\n--------------------------------\nJugadas: 1\nTotal: 64.44\n	\N
78	3253774	0	2	1	2929	1	140	t	64	1811	249	1	1641409145	20220105185235	1	2022-01-05 18:52:37.374805	2022-01-05 18:59:05.139256	CARIBEAPUESTAS\nRIF: J-409540634\nTicket: #3253774\nSerial/S: F46DB0D\nFecha/Hora: 05/01/2022 18:52\n--------------------------------\nLA RICACHONA 3:15 PM:\n69\n--------------------------------\nJugadas: 1\nTotal: 2.0\n	\N
79	3253775	4	1	1	2929	1	0	f	64	1811	249	1	\N	20220105190200	1	2022-01-05 19:02:02.830441	2022-01-05 19:02:02.830441	CARIBEAPUESTAS\nRIF: J-409540634\nTicket: #3253775\nSerial/S: 4CB3E4A\nFecha/Hora: 05/01/2022 19:02\n--------------------------------\nLA RICACHONA 3:15 PM:\n68\n--------------------------------\nJugadas: 1\nTotal: 1.0\n	\N
80	3253776	16	10	1	2929	1	0	f	64	1811	249	1	\N	20220105190441	1	2022-01-05 19:04:44.373431	2022-01-05 19:04:44.373431	CARIBEAPUESTAS\nRIF: J-409540634\nTicket: #3253776\nSerial/S: 016B113\nFecha/Hora: 05/01/2022 19:04\n--------------------------------\nLA GRANJITA 4:00 PM:\n01\n--------------------------------\nJugadas: 1\nTotal: 10.0\n	\N
81	3253778	0	9	1	2929	1	45	t	64	1811	249	1	1641410706	20220105191600	1	2022-01-05 19:16:03.19156	2022-01-05 19:25:06.465665	CARIBEAPUESTAS\nRIF: J-409540634\nTicket: #3253778\nSerial/S: 0A8F234\nFecha/Hora: 05/01/2022 19:16\n--------------------------------\nLA RICACHONA 4:15 PM:\n15\n--------------------------------\nJugadas: 1\nTotal: 9.0\n	\N
82	3253779	8	5	1	2929	1	3500	t	64	1811	249	1	1641411699	20220105193543	1	2022-01-05 19:35:45.781974	2022-01-05 19:41:39.064611	CARIBEAPUESTAS\nRIF: J-409540634\nTicket: #3253779\nSerial/S: 8F2A9B9\nFecha/Hora: 05/01/2022 19:35\n--------------------------------\nLA RICACHONA 4:15 PM:\n007\n--------------------------------\nJugadas: 1\nTotal: 5.0\n	\N
83	3253780	2520	5	1	2929	1	0	f	64	1811	249	1	\N	20220105194824	1	2022-01-05 19:48:26.984232	2022-01-05 19:48:26.984232	CARIBEAPUESTAS\nRIF: J-409540634\nTicket: #3253780\nSerial/S: 2520E55\nFecha/Hora: 05/01/2022 19:48\n--------------------------------\nLA RICACHONA 4:15 PM:\n007\n--------------------------------\nJugadas: 1\nTotal: 5.0\n	\N
74	3253796	15	1	1	2929	1	1400	t	64	1811	249	1	1641414370	20220104193229	1	2022-01-04 19:32:48.578397	2022-01-05 20:26:10.312134	CARIBEAPUESTAS\nRIF: J-409540634\nTicket: #3253796\nSerial/S: 15A5985\nFecha/Hora: 04/01/2022 19:32\n--------------------------------\nLA RICACHONA 4:15 PM:\n040\n--------------------------------\nJugadas: 1\nTotal: 1.0\n	\N
75	3253797	0	1	1	2929	1	70000	t	64	1811	249	1	1641414862	20220104194440	1	2022-01-04 19:44:59.74906	2022-01-05 20:34:22.89919	CARIBEAPUESTAS\nRIF: J-409540634\nTicket: #3253797\nSerial/S: DE73191\nFecha/Hora: 04/01/2022 19:44\n--------------------------------\nLA RICACHONA 4:15 PM:\n020\n--------------------------------\nJugadas: 1\nTotal: 1.0\n	\N
84	3253781	8	5	1	2929	1	3500	t	64	1811	249	1	1641412722	20220105195303	1	2022-01-05 19:53:05.587322	2022-01-05 19:58:42.54617	CARIBEAPUESTAS\nRIF: J-409540634\nTicket: #3253781\nSerial/S: 08D568D\nFecha/Hora: 05/01/2022 19:53\n--------------------------------\nLA RICACHONA 5:15 PM:\n958\n--------------------------------\nJugadas: 1\nTotal: 5.0\n	\N
98	3253795	0	2	2	2929	1	1540	t	64	1811	249	1	1641567119	20220106143605	1	2022-01-06 14:36:08.427218	2022-01-07 10:51:59.837027	CARIBEAPUESTAS\nRIF: J-409540634\nTicket: #3253795\nSerial/S: EC22ED5\nFecha/Hora: 06/01/2022 14:36\n--------------------------------\nLA RICACHONA 11:15 AM:\n01- 001\n--------------------------------\nJugadas: 2\nTotal: 2.0\n	\N
86	3253783	88344	2	1	2929	1	0	f	64	1811	249	1	\N	20220105201932	1	2022-01-05 20:19:34.602697	2022-01-05 20:19:34.602697	CARIBEAPUESTAS\nRIF: J-409540634\nTicket: #3253783\nSerial/S: 88344F1\nFecha/Hora: 05/01/2022 20:19\n--------------------------------\nLA RICACHONA 7:15 PM:\n995\n--------------------------------\nJugadas: 1\nTotal: 2.0\n	\N
87	3253784	12950	100	1	2929	1	0	f	64	1811	249	1	\N	20220105202738	1	2022-01-05 20:27:41.4063	2022-01-05 20:27:41.4063	CARIBEAPUESTAS\nRIF: J-409540634\nTicket: #3253784\nSerial/S: 12950D7\nFecha/Hora: 05/01/2022 20:27\n--------------------------------\nLA RICACHONA 6:15 PM:\n777\n--------------------------------\nJugadas: 1\nTotal: 100.0\n	\N
88	3253785	6	1	1	2929	1	0	f	64	1811	249	1	\N	20220105204849	1	2022-01-05 20:48:52.079829	2022-01-05 20:48:52.079829	CARIBEAPUESTAS\nRIF: J-409540634\nTicket: #3253785\nSerial/S: 6D61D21\nFecha/Hora: 05/01/2022 20:48\n--------------------------------\nLA GRANJITA 5:00 PM:\n01\n--------------------------------\nJugadas: 1\nTotal: 1.0\n	\N
89	3253786	0	3	1	2929	1	0	f	64	1811	249	1	\N	20220105210130	1	2022-01-05 21:01:33.194588	2022-01-05 21:01:33.194588	CARIBEAPUESTAS\nRIF: J-409540634\nTicket: #3253786\nSerial/S: C9C672B\nFecha/Hora: 05/01/2022 21:01\n--------------------------------\nTRIPLE CARACAS A 7:00 PM:\n150\n--------------------------------\nJugadas: 1\nTotal: 3.0\n	\N
90	3253787	5	30	6	2929	1	0	f	64	1811	249	1	\N	20220105224551	1	2022-01-05 22:45:55.863411	2022-01-05 22:45:55.863411	CARIBEAPUESTAS\nRIF: J-409540634\nTicket: #3253787\nSerial/S: 5DAE40E\nFecha/Hora: 05/01/2022 22:45\n--------------------------------\nLA GRANJITA 7:00 PM:\n01\nRULETA ACTIVA 7:00 PM:\n01\nLOTTO ACTIVO 7:00P.M:\n01\nANIMALITOS LA RICACHONA 7:45 PM:\n01\nANIMALITOS LA RICACHONA 8:45 PM:\n01\nPAL CASERITO 7:30 P.M:\n01\n--------------------------------\nJugadas: 6\nTotal: 30.0\n	\N
91	3253788	2	10	1	2929	1	0	f	64	1811	249	1	\N	20220105224604	1	2022-01-05 22:46:07.306639	2022-01-05 22:46:07.306639	CARIBEAPUESTAS\nRIF: J-409540634\nTicket: #3253788\nSerial/S: 2F998FE\nFecha/Hora: 05/01/2022 22:46\n--------------------------------\nLA GRANJITA 7:00 PM:\n01\n--------------------------------\nJugadas: 1\nTotal: 10.0\n	\N
92	3253789	3	30	3	2929	1	0	f	64	1811	249	1	\N	20220105224722	1	2022-01-05 22:47:25.723653	2022-01-05 22:47:25.723653	CARIBEAPUESTAS\nRIF: J-409540634\nTicket: #3253789\nSerial/S: 3D4D6FC\nFecha/Hora: 05/01/2022 22:47\n--------------------------------\nLA GRANJITA 7:00 PM:\n02- 03- 15\n--------------------------------\nJugadas: 3\nTotal: 30.0\n	\N
93	3253790	0	1	1	2929	1	0	f	64	1811	249	1	\N	20220105224822	1	2022-01-05 22:48:25.15929	2022-01-05 22:48:25.15929	CARIBEAPUESTAS\nRIF: J-409540634\nTicket: #3253790\nSerial/S: E99DB27\nFecha/Hora: 05/01/2022 22:48\n--------------------------------\nLA GRANJITA 7:00 PM:\n01\n--------------------------------\nJugadas: 1\nTotal: 1.0\n	\N
94	3253791	711	2	2	2929	1	700	t	64	1811	249	1	1641477091	20220106132402	1	2022-01-06 13:24:04.885179	2022-01-06 13:51:31.980395	CARIBEAPUESTAS\nRIF: J-409540634\nTicket: #3253791\nSerial/S: 711BA82\nFecha/Hora: 06/01/2022 13:24\n--------------------------------\nLA RICACHONA 10:15 AM:\n111- 112\n--------------------------------\nJugadas: 2\nTotal: 2.0\n	\N
95	3253792	667	3	3	2929	1	80	t	64	1811	249	1	1641478335	20220106135952	1	2022-01-06 13:59:55.769896	2022-01-06 14:12:15.895704	CARIBEAPUESTAS\nRIF: J-409540634\nTicket: #3253792\nSerial/S: 667FC13\nFecha/Hora: 06/01/2022 13:59\n--------------------------------\nLA RICACHONA 11:15 AM:\n39- 40- 41\n--------------------------------\nJugadas: 3\nTotal: 3.0\n	\N
96	3253793	0	9.9	1	2929	1	0	f	64	1811	249	1	\N	20220106141729	1	2022-01-06 14:17:32.625896	2022-01-06 14:17:32.625896	CARIBEAPUESTAS\nRIF: J-409540634\nTicket: #3253793\nSerial/S: CA4BC4A\nFecha/Hora: 06/01/2022 14:17\n--------------------------------\nLA GRANJITA  11:00 AM:\n01\n--------------------------------\nJugadas: 1\nTotal: 9.9\n	\N
97	3253794	5393	2.04	2	2929	1	0	f	64	1811	249	1	\N	20220106143004	1	2022-01-06 14:30:07.188208	2022-01-06 14:30:07.188208	CARIBEAPUESTAS\nRIF: J-409540634\nTicket: #3253794\nSerial/S: 5393D6E\nFecha/Hora: 06/01/2022 14:30\n--------------------------------\nLA GRANJITA  11:00 AM:\n0- 00\n--------------------------------\nJugadas: 2\nTotal: 2.04\n	\N
99	3253796	0	11	11	2929	1	0	f	64	1811	249	1	\N	20220106145649	1	2022-01-06 14:56:52.543105	2022-01-06 14:56:52.543105	CARIBEAPUESTAS\nRIF: J-409540634\nTicket: #3253796\nSerial/S: A9CCF83\nFecha/Hora: 06/01/2022 14:56\n--------------------------------\nLA GRANJITA 12:00 PM:\n01- 02- 03- 04- 05- 06- 07- 08- 09- 0- 00\n--------------------------------\nJugadas: 11\nTotal: 11.0\n	\N
100	3253797	0	38	38	2929	1	0	f	64	1811	249	1	\N	20220106150549	1	2022-01-06 15:05:54.688827	2022-01-06 15:05:54.688827	CARIBEAPUESTAS\nRIF: J-409540634\nTicket: #3253797\nSerial/S: 0A14F3B\nFecha/Hora: 06/01/2022 15:05\n--------------------------------\nLA GRANJITA 1:00 PM:\n01- 02- 03- 04- 05- 06- 07- 08- 09- 10- 11- 12- 13- 14- 15- 16- 17- 18- 19- 20- 21- 22- 23- 24- 25- 26- 27- 28- 29- 30- 31- 32- 33- 34- 35- 36- 0- 00\n--------------------------------\nJugadas: 38\nTotal: 38.0\n	\N
101	3253798	5	14	14	2929	1	0	f	64	1811	249	1	\N	20220106151247	1	2022-01-06 15:12:50.944724	2022-01-06 15:12:50.944724	CARIBEAPUESTAS\nRIF: J-409540634\nTicket: #3253798\nSerial/S: 5BD76C3\nFecha/Hora: 06/01/2022 15:12\n--------------------------------\nLA GRANJITA 1:00 PM:\n01- 02- 03- 04- 05- 06- 07- 08- 09- 10- 20- 30- 0- 00\n--------------------------------\nJugadas: 14\nTotal: 14.0\n	\N
102	3253800	0	11.64	12	2929	1	0	f	64	1811	249	1	\N	20220106152706	1	2022-01-06 15:27:10.412626	2022-01-06 15:27:10.412626	CARIBEAPUESTAS\nRIF: J-409540634\nTicket: #3253800\nSerial/S: CB9A573\nFecha/Hora: 06/01/2022 15:27\n--------------------------------\nLA GRANJITA 12:00 PM:\n01- 02- 03- 04- 05- 06- 07- 08- 09- 10- 0- 00\n--------------------------------\nJugadas: 12\nTotal: 11.64\n	\N
103	3253803	0	12	12	2929	1	0	f	64	1811	249	1	\N	20220106154336	1	2022-01-06 15:43:40.41688	2022-01-06 15:43:40.41688	CARIBEAPUESTAS\nRIF: J-409540634\nTicket: #3253803\nSerial/S: E65BB81\nFecha/Hora: 06/01/2022 15:43\n--------------------------------\nLA GRANJITA 12:00 PM:\n01- 02- 03- 04- 05- 06- 07- 08- 09- 18- 0- 00\n--------------------------------\nJugadas: 12\nTotal: 12.0\n	\N
104	3253804	0	12	12	2929	1	0	f	64	1811	249	1	\N	20220106155357	1	2022-01-06 15:54:01.400146	2022-01-06 15:54:01.400146	CARIBEAPUESTAS\nRIF: J-409540634\nTicket: #3253804\nSerial/S: C7D67CA\nFecha/Hora: 06/01/2022 15:54\n--------------------------------\nLA GRANJITA 1:00 PM:\n01- 02- 03- 04- 05- 06- 07- 08- 09- 18- 0- 00\n--------------------------------\nJugadas: 12\nTotal: 12.0\n	\N
105	3253805	0	5	5	2929	1	0	f	64	1811	249	1	\N	20220106155538	1	2022-01-06 15:55:41.357514	2022-01-06 15:55:41.357514	CARIBEAPUESTAS\nRIF: J-409540634\nTicket: #3253805\nSerial/S: C401FD1\nFecha/Hora: 06/01/2022 15:55\n--------------------------------\nLA GRANJITA 7:00 PM:\n01- 02- 03- 04- 05\n--------------------------------\nJugadas: 5\nTotal: 5.0\n	\N
106	3253806	6	5	5	2929	1	0	f	64	1811	249	1	\N	20220106161356	1	2022-01-06 16:13:59.487184	2022-01-06 16:13:59.487184	CARIBEAPUESTAS\nRIF: J-409540634\nTicket: #3253806\nSerial/S: 6E26DF5\nFecha/Hora: 06/01/2022 16:13\n--------------------------------\nRULETA ACTIVA 1:00 PM:\n01- 02- 03- 04- 05\n--------------------------------\nJugadas: 5\nTotal: 5.0\n	\N
107	3253807	0	5	5	2929	1	0	f	64	1811	249	1	\N	20220106161427	1	2022-01-06 16:14:30.003923	2022-01-06 16:14:30.003923	CARIBEAPUESTAS\nRIF: J-409540634\nTicket: #3253807\nSerial/S: C9AC9C8\nFecha/Hora: 06/01/2022 16:14\n--------------------------------\nLA GRANJITA 1:00 PM:\n01- 02- 03- 04- 05\n--------------------------------\nJugadas: 5\nTotal: 5.0\n	\N
108	3253808	0	5	5	2929	1	0	f	64	1811	249	1	\N	20220106161752	1	2022-01-06 16:17:55.199703	2022-01-06 16:17:55.199703	CARIBEAPUESTAS\nRIF: J-409540634\nTicket: #3253808\nSerial/S: F228D06\nFecha/Hora: 06/01/2022 16:17\n--------------------------------\nLA GRANJITA 1:00 PM:\n01- 02- 04- 13- 14\n--------------------------------\nJugadas: 5\nTotal: 5.0\n	\N
109	3253809	1	5	5	2929	1	30	t	64	1811	249	1	1641487167	20220106163357	1	2022-01-06 16:34:00.501172	2022-01-06 16:39:27.701215	CARIBEAPUESTAS\nRIF: J-409540634\nTicket: #3253809\nSerial/S: 1EC9224\nFecha/Hora: 06/01/2022 16:34\n--------------------------------\nLA GRANJITA 1:00 PM:\n1- 2- 3- 4- 5\n--------------------------------\nJugadas: 5\nTotal: 5.0\n	\N
110	3253810	0	2	2	2929	1	700	t	64	1811	249	1	1641487675	20220106164113	1	2022-01-06 16:41:16.066393	2022-01-06 16:47:55.786976	CARIBEAPUESTAS\nRIF: J-409540634\nTicket: #3253810\nSerial/S: E21FE71\nFecha/Hora: 06/01/2022 16:41\n--------------------------------\nLA RICACHONA 1:15 PM:\n100- 102\n--------------------------------\nJugadas: 2\nTotal: 2.0\n	\N
111	3253811	244	3	3	2929	1	80	t	64	1811	249	1	1641488455	20220106164858	1	2022-01-06 16:49:01.013498	2022-01-06 17:00:55.194559	CARIBEAPUESTAS\nRIF: J-409540634\nTicket: #3253811\nSerial/S: 244FF3B\nFecha/Hora: 06/01/2022 16:49\n--------------------------------\nLA RICACHONA 2:15 PM:\n10- 11- 12\n--------------------------------\nJugadas: 3\nTotal: 3.0\n	\N
85	3253782	4291873	3	1	2929	1	1800	t	64	1811	249	1	1641500842	20220105200937	1	2022-01-05 20:09:40.322111	2022-01-06 20:27:22.531049	CARIBEAPUESTAS\nRIF: J-409540634\nTicket: #3253782\nSerial/S: 4291873\nFecha/Hora: 05/01/2022 20:09\n--------------------------------\nTRIPLE CARACAS C 4:30 PM:\n198\n--------------------------------\nJugadas: 1\nTotal: 3.0\n	\N
112	3253812	0	200	2	2929	1	0	f	64	1811	249	1	\N	20220107104602	1	2022-01-07 10:46:05.67928	2022-01-07 10:46:05.67928	CARIBEAPUESTAS\nRIF: J-409540634\nTicket: #3253812\nSerial/S: E4579E8\nFecha/Hora: 07/01/2022 10:46\n--------------------------------\nLA RICACHONA 11:15 AM:\n001- 01\n--------------------------------\nJugadas: 2\nTotal: 200.0\n	\N
113	3253813	3	400	2	2929	1	0	f	64	1811	249	1	\N	20220107142113	1	2022-01-07 14:21:15.966815	2022-01-07 14:21:15.966815	CARIBEAPUESTAS\nRIF: J-409540634\nTicket: #3253813\nSerial/S: 3F4256E\nFecha/Hora: 07/01/2022 14:21\n--------------------------------\nLA GRANJITA 3:00 PM:\n1- 2\n--------------------------------\nJugadas: 2\nTotal: 400.0\n	\N
114	4075362	0	0.2	1	2901	1	0	f	58	1799	214	1	\N	20220211102016	1	2022-02-11 10:20:19.869653	2022-02-11 10:20:19.869653	CARIBEAPUESTAS\nRIF: J-409540634\nTicket: #4075362\nSerial/S: 0DBC207\nFecha/Hora: 11/02/2022 10:20\n--------------------------------\nLA RICACHONA 11:15 AM:\n00\n--------------------------------\nJugadas: 1\nTotal: 0.2\n	\N
115	4075363	48	0.2	1	2901	1	0	f	58	1799	214	1	\N	20220211103911	1	2022-02-11 10:39:15.486047	2022-02-11 10:39:15.486047	CARIBEAPUESTAS\nRIF: J-409540634\nTicket: #4075363\nSerial/S: 48C9AAF\nFecha/Hora: 11/02/2022 10:39\n--------------------------------\nLA GRANJITA  11:00 AM:\n1\n--------------------------------\nJugadas: 1\nTotal: 0.2\n	\N
116	4075364	6	5.6	28	2901	1	0	f	58	1799	214	1	\N	20220211104013	1	2022-02-11 10:40:20.537618	2022-02-11 10:40:20.537618	CARIBEAPUESTAS\nRIF: J-409540634\nTicket: #4075364\nSerial/S: 6D3F83E\nFecha/Hora: 11/02/2022 10:40\n--------------------------------\nLA GRANJITA  11:00 AM:\n1- 10- 19- 28- 29- 0- 00\nRULETA ACTIVA 11:00 AM:\n1- 10- 19- 28- 29- 0- 00\nLOTTO ACTIVO 11:00A.M:\n1- 10- 19- 28- 29- 0- 00\nPAL CASERITO 11:30 A.M:\n1- 10- 19- 28- 29- 0- 00\n--------------------------------\nJugadas: 28\nTotal: 5.6\n	\N
117	4075389	0	11	10	2901	1	0	f	58	1799	214	1	\N	20220224130751	10	2022-02-24 13:07:54.743241	2022-02-24 13:07:54.743241	CARIBEAPUESTAS\nRIF: J-409540634\nTicket: #4075389\nSerial/S: F8FA02C\nFecha/Hora: 24/02/2022 13:07\n--------------------------------\nLA RICACHONA 1:15 PM:\n25- 111- 211- 311- 411- 511- 611- 711- 811- 911\n--------------------------------\nJugadas: 10\nTotal: 11.0\n	\N
118	4075390	0	3	1	2901	1	0	f	58	1799	214	1	\N	20220224132402	10	2022-02-24 13:24:05.567383	2022-02-24 13:24:05.567383	CARIBEAPUESTAS\nRIF: J-409540634\nTicket: #4075390\nSerial/S: EF50AA7\nFecha/Hora: 24/02/2022 13:24\n--------------------------------\nLA RICACHONA 2:15 PM:\n28\n--------------------------------\nJugadas: 1\nTotal: 3.0\n	\N
119	4075399	0	0.2	1	2901	1	0	f	58	1799	214	1	\N	20220225134307	1	2022-02-25 13:43:10.254106	2022-02-25 13:43:10.254106	CARIBEAPUESTAS\nRIF: J-409540634\nTicket: #4075399\nSerial/S: F1D4983\nFecha/Hora: 25/02/2022 13:43\n--------------------------------\nLA GRANJITA 2:00 PM:\n1\n--------------------------------\nJugadas: 1\nTotal: 0.2\n	\N
120	4075400	0	1	1	2901	1	0	f	58	1799	214	1	\N	20220225134939	1	2022-02-25 13:49:41.582409	2022-02-25 13:49:41.582409	CARIBEAPUESTAS\nRIF: J-409540634\nTicket: #4075400\nSerial/S: E1C2208\nFecha/Hora: 25/02/2022 13:49\n--------------------------------\nLA GRANJITA 2:00 PM:\n1\n--------------------------------\nJugadas: 1\nTotal: 1.0\n	\N
121	4075401	974	1	1	2901	1	0	f	58	1799	214	1	\N	20220225135333	1	2022-02-25 13:53:36.041393	2022-02-25 13:53:36.041393	CARIBEAPUESTAS\nRIF: J-409540634\nTicket: #4075401\nSerial/S: 974D7C9\nFecha/Hora: 25/02/2022 13:53\n--------------------------------\nLA GRANJITA 2:00 PM:\n1\n--------------------------------\nJugadas: 1\nTotal: 1.0\n	\N
122	4075402	3	1	1	2901	1	0	f	58	1799	214	1	\N	20220225135836	1	2022-02-25 13:58:39.539457	2022-02-25 13:58:39.539457	CARIBEAPUESTAS\nRIF: J-409540634\nTicket: #4075402\nSerial/S: 3EF8235\nFecha/Hora: 25/02/2022 13:58\n--------------------------------\nLA GRANJITA 3:00 PM:\n3\n--------------------------------\nJugadas: 1\nTotal: 1.0\n	\N
123	4410765	0	2	2	2901	1	0	f	58	1799	214	1	\N	20220225145404	1	2022-02-25 14:54:07.21005	2022-02-25 14:54:07.21005	CARIBEAPUESTAS\nRIF: J-409540634\nTicket: #4410765\nSerial/S: F20701B\nFecha/Hora: 25/02/2022 14:54\n--------------------------------\nLA GRANJITA 3:00 PM:\n3- 1\n--------------------------------\nJugadas: 2\nTotal: 2.0\n	\N
124	4410785	1	1	1	2901	1	0	f	58	1799	214	1	\N	20220303121426	1	2022-03-03 12:14:28.938304	2022-03-03 12:14:28.938304	CARIBEAPUESTAS\nRIF: J-409540634\nTicket: #4410785\nSerial/S: 1DCCC57\nFecha/Hora: 03/03/2022 12:14\n--------------------------------\nLA GRANJITA 1:00 PM:\n1\n--------------------------------\nJugadas: 1\nTotal: 1.0\n	\N
125	4410786	0	1	1	2901	1	0	f	58	1799	214	1	\N	20220303122456	1	2022-03-03 12:24:58.594273	2022-03-03 12:24:58.594273	CARIBEAPUESTAS\nRIF: J-409540634\nTicket: #4410786\nSerial/S: E89FA45\nFecha/Hora: 03/03/2022 12:24\n--------------------------------\nLA GRANJITA 1:00 PM:\n1\n--------------------------------\nJugadas: 1\nTotal: 1.0\n	\N
126	4410788	791797	1	1	2901	1	0	f	58	1799	214	1	\N	20220303131655	1	2022-03-03 13:16:57.886778	2022-03-03 13:16:57.886778	CARIBEAPUESTAS\nRIF: J-409540634\nTicket: #4410788\nSerial/S: 0791797\nFecha/Hora: 03/03/2022 13:16\n--------------------------------\nLA GRANJITA 2:00 PM:\n1\n--------------------------------\nJugadas: 1\nTotal: 1.0\n	\N
127	4410789	1	1	1	2901	1	0	f	58	1799	214	1	\N	20220303132106	1	2022-03-03 13:21:08.93726	2022-03-03 13:21:08.93726	CARIBEAPUESTAS\nRIF: J-409540634\nTicket: #4410789\nSerial/S: 1D6F9AA\nFecha/Hora: 03/03/2022 13:21\n--------------------------------\nLA GRANJITA 2:00 PM:\n2\n--------------------------------\nJugadas: 1\nTotal: 1.0\n	\N
128	4410790	0	1	1	2901	1	0	f	58	1799	214	1	\N	20220303132854	1	2022-03-03 13:28:57.005009	2022-03-03 13:28:57.005009	CARIBEAPUESTAS\nRIF: J-409540634\nTicket: #4410790\nSerial/S: CCF0744\nFecha/Hora: 03/03/2022 13:28\n--------------------------------\nLA GRANJITA 3:00 PM:\n1\n--------------------------------\nJugadas: 1\nTotal: 1.0\n	\N
129	4516883	0	1	1	2901	1	0	f	58	1799	214	1	\N	20220303155704	1	2022-03-03 15:57:07.17084	2022-03-03 15:57:07.17084	CARIBEAPUESTAS\nRIF: J-409540634\nTicket: #4516883\nSerial/S: EE51231\nFecha/Hora: 03/03/2022 15:57\n--------------------------------\nLA GRANJITA 5:00 PM:\n19\n--------------------------------\nJugadas: 1\nTotal: 1.0\n	\N
130	4516884	04F4679	10	1	2901	1	0	f	58	1799	214	1	\N	20220303201157	1	2022-03-03 20:11:59.81742	2022-03-03 20:11:59.81742	CARIBEAPUESTAS\nJ-409540634 \nTicket: #4516884\nSerial/S: 04F4679\nFecha/Hora: 03/03/2022 20:11\n--------------------------------\nANIMALITOS LA RICACHONA 8:45 PM:\n1\n--------------------------------\nJugadas: 1\nTotal: 10.0\n	\N
131	4516885	DED5CA6	200	2	2901	1	0	f	58	1799	214	1	\N	20220303201255	1	2022-03-03 20:12:58.17693	2022-03-03 20:12:58.17693	CARIBEAPUESTAS\nJ-409540634 \nTicket: #4516885\nSerial/S: DED5CA6\nFecha/Hora: 03/03/2022 20:12\n--------------------------------\nANIMALITOS LA RICACHONA 8:45 PM:\n2- 12\n--------------------------------\nJugadas: 2\nTotal: 200.0\n	\N
132	4516886	EC3DCA2	10	1	2901	1	0	f	58	1799	214	1	\N	20220303201710	1	2022-03-03 20:17:12.828288	2022-03-03 20:17:12.828288	CARIBEAPUESTAS\nJ-409540634 \nTicket: #4516886\nSerial/S: EC3DCA2\nFecha/Hora: 03/03/2022 20:17\n--------------------------------\nANIMALITOS LA RICACHONA 8:45 PM:\n1\n--------------------------------\nJugadas: 1\nTotal: 10.0\n	\N
134	4516888	92829BB	100	1	2901	1	0	f	58	1799	214	1	\N	20220303202255	1	2022-03-03 20:22:58.085037	2022-03-03 20:22:58.085037	CARIBEAPUESTAS\nJ-409540634 \nTicket: #4516888\nSerial/S: 92829BB\nFecha/Hora: 03/03/2022 20:22\n--------------------------------\nANIMALITOS LA RICACHONA 8:45 PM:\n1\n--------------------------------\nJugadas: 1\nTotal: 100.0\n	\N
135	4516889	47493C2	244	3	2901	1	0	f	58	1799	214	1	\N	20220303202409	1	2022-03-03 20:24:12.488028	2022-03-03 20:24:12.488028	CARIBEAPUESTAS\nJ-409540634 \nTicket: #4516889\nSerial/S: 47493C2\nFecha/Hora: 03/03/2022 20:24\n--------------------------------\nANIMALITOS LA RICACHONA 8:45 PM:\n5- 15- 31\n--------------------------------\nJugadas: 3\nTotal: 244.0\n	\N
136	4516890	9A0C788	100	1	2901	1	0	f	58	1799	214	1	\N	20220303202446	1	2022-03-03 20:24:48.544112	2022-03-03 20:24:48.544112	CARIBEAPUESTAS\nJ-409540634 \nTicket: #4516890\nSerial/S: 9A0C788\nFecha/Hora: 03/03/2022 20:24\n--------------------------------\nANIMALITOS LA RICACHONA 8:45 PM:\n1\n--------------------------------\nJugadas: 1\nTotal: 100.0\n	\N
137	4516891	19C3FE3	100	1	2901	1	0	f	58	1799	214	1	\N	20220303202502	1	2022-03-03 20:25:04.659584	2022-03-03 20:25:04.659584	CARIBEAPUESTAS\nJ-409540634 \nTicket: #4516891\nSerial/S: 19C3FE3\nFecha/Hora: 03/03/2022 20:25\n--------------------------------\nANIMALITOS LA RICACHONA 8:45 PM:\n1\n--------------------------------\nJugadas: 1\nTotal: 100.0\n	\N
138	4516892	366750C	100	1	2901	1	0	f	58	1799	214	1	\N	20220303202656	1	2022-03-03 20:26:59.34984	2022-03-03 20:26:59.34984	CARIBEAPUESTAS\nJ-409540634 \nTicket: #4516892\nSerial/S: 366750C\nFecha/Hora: 03/03/2022 20:26\n--------------------------------\nANIMALITOS LA RICACHONA 8:45 PM:\n1\n--------------------------------\nJugadas: 1\nTotal: 100.0\n	\N
139	4516893	0D9EBBC	200	2	2901	1	0	f	58	1799	214	1	\N	20220303202926	1	2022-03-03 20:29:28.88852	2022-03-03 20:29:28.88852	CARIBEAPUESTAS\nJ-409540634 \nTicket: #4516893\nSerial/S: 0D9EBBC\nFecha/Hora: 03/03/2022 20:29\n--------------------------------\nANIMALITOS LA RICACHONA 8:45 PM:\n22- 1\n--------------------------------\nJugadas: 2\nTotal: 200.0\n	\N
140	4516894	6046E23	1	1	2901	1	30	t	58	1799	214	1	1646398237	20220304084816	1	2022-03-04 08:48:19.488131	2022-03-04 08:50:37.827731	CARIBEAPUESTAS\nJ-409540634 \nTicket: #4516894\nSerial/S: 6046E23\nFecha/Hora: 04/03/2022 08:48\n--------------------------------\nLA GRANJITA  9:00 AM:\n1\n--------------------------------\nJugadas: 1\nTotal: 1.0\n	\N
141	4516895	A5FE3FE	1	1	2901	1	0	t	58	1799	214	1	1646398238	20220304085023	1	2022-03-04 08:50:26.051483	2022-03-04 08:50:38.002978	CARIBEAPUESTAS\nJ-409540634 \nTicket: #4516895\nSerial/S: A5FE3FE\nFecha/Hora: 04/03/2022 08:50\n--------------------------------\nLA GRANJITA  9:00 AM:\n1\n--------------------------------\nJugadas: 1\nTotal: 1.0\n	\N
142	4516896	A318D16	30	1	2901	1	0	f	58	1799	214	1	\N	20220304090623	1	2022-03-04 09:06:25.681186	2022-03-04 09:06:25.681186	CARIBEAPUESTAS\nJ-409540634 \nTicket: #4516896\nSerial/S: A318D16\nFecha/Hora: 04/03/2022 09:06\n--------------------------------\nLA GRANJITA 10:00 AM:\n1\n--------------------------------\nJugadas: 1\nTotal: 30.0\n	\N
143	4516897	23D28A3	400	40	2901	1	0	f	58	1799	214	1	\N	20220304092142	1	2022-03-04 09:21:49.722673	2022-03-04 09:21:49.722673	CARIBEAPUESTAS\nJ-409540634 \nTicket: #4516897\nSerial/S: 23D28A3\nFecha/Hora: 04/03/2022 09:21\n--------------------------------\nLA GRANJITA 10:00 AM:\n1- 16- 17- 27\nLA GRANJITA  11:00 AM:\n1- 16- 17- 27\nLA GRANJITA 12:00 PM:\n1- 16- 17- 27\nLA GRANJITA 1:00 PM:\n1- 16- 17- 27\nLA GRANJITA 2:00 PM:\n1- 16- 17- 27\nLA GRANJITA 3:00 PM:\n1- 16- 17- 27\nLA GRANJITA 4:00 PM:\n1- 16- 17- 27\nLA GRANJITA 5:00 PM:\n1- 16- 17- 27\nLA GRANJITA 6:00 PM:\n1- 16- 17- 27\nLA GRANJITA 7:00 PM:\n1- 16- 17- 27\n--------------------------------\nJugadas: 40\nTotal: 400.0\n	\N
144	4516898	AE54FFE	20	2	2901	1	0	f	58	1799	214	1	\N	20220304092210	1	2022-03-04 09:22:13.282673	2022-03-04 09:22:13.282673	CARIBEAPUESTAS\nJ-409540634 \nTicket: #4516898\nSerial/S: AE54FFE\nFecha/Hora: 04/03/2022 09:22\n--------------------------------\nRULETA ACTIVA 10:00 AM:\n1- 31\n--------------------------------\nJugadas: 2\nTotal: 20.0\n	\N
145	4758886	D6EF0F3	100	1	2901	1	3000	t	58	1799	214	1	1647523736	20220317092356	1	2022-03-17 09:23:59.43221	2022-03-17 09:28:56.615861	CARIBEAPUESTAS\nJ-409540634 \nTicket: #4758886\nSerial/S: D6EF0F3\nFecha/Hora: 17/03/2022 09:23\n--------------------------------\nLA GRANJITA 10:00 AM:\n0\n--------------------------------\nJugadas: 1\nTotal: 100.0\n	\N
147	4758888	5EDBFD3	400	4	2901	1	3000	t	58	1799	214	1	1647543029	20220317144913	1	2022-03-17 14:49:16.886788	2022-03-17 14:50:29.729013	CARIBEAPUESTAS\nJ-409540634 \nTicket: #4758888\nSerial/S: 5EDBFD3\nFecha/Hora: 17/03/2022 14:49\n--------------------------------\nLA GRANJITA 4:00 PM:\n1- 10- 19- 28\n--------------------------------\nJugadas: 4\nTotal: 400.0\n	\N
146	4758887	54CEACF	100	1	2901	1	3000	t	58	1799	214	1	1647543029	20220317144730	1	2022-03-17 14:47:33.224278	2022-03-17 14:50:29.575571	CARIBEAPUESTAS\nJ-409540634 \nTicket: #4758887\nSerial/S: 54CEACF\nFecha/Hora: 17/03/2022 14:47\n--------------------------------\nLA GRANJITA 3:00 PM:\n2\n--------------------------------\nJugadas: 1\nTotal: 100.0\n	\N
148	4758889	8308F80	0.8	4	2901	1	6	t	58	1799	214	1	1647544675	20220317151631	1	2022-03-17 15:16:34.060203	2022-03-17 15:17:55.467128	CARIBEAPUESTAS\nJ-409540634 \nTicket: #4758889\nSerial/S: 8308F80\nFecha/Hora: 17/03/2022 15:16\n--------------------------------\nLA GRANJITA 4:00 PM:\n21- 31- 0- 00\n--------------------------------\nJugadas: 4\nTotal: 0.8\n	\N
149	4758890	88FA5D3	2	2	2901	1	60	t	58	1799	214	1	1647545139	20220317152507	1	2022-03-17 15:25:11.103485	2022-03-17 15:25:39.71834	CARIBEAPUESTAS\nJ-409540634 \nTicket: #4758890\nSerial/S: 88FA5D3\nFecha/Hora: 17/03/2022 15:25\n--------------------------------\nLA GRANJITA 7:00 PM:\n0- 00\n--------------------------------\nJugadas: 2\nTotal: 2.0\n	\N
150	4758891	05AB1FE	1	1	2901	1	0	t	58	1799	214	1	1647545467	20220317152916	1	2022-03-17 15:29:19.242161	2022-03-17 15:31:07.091245	CARIBEAPUESTAS\nJ-409540634 \nTicket: #4758891\nSerial/S: 05AB1FE\nFecha/Hora: 17/03/2022 15:29\n--------------------------------\nLA RICACHONA 4:15 PM:\n100\n--------------------------------\nJugadas: 1\nTotal: 1.0\n	\N
151	4758892	F3700B9	199	2	2901	1	0	t	58	1799	214	1	1647545467	20220317152933	1	2022-03-17 15:29:35.886318	2022-03-17 15:31:07.218784	CARIBEAPUESTAS\nJ-409540634 \nTicket: #4758892\nSerial/S: F3700B9\nFecha/Hora: 17/03/2022 15:29\n--------------------------------\nLA RICACHONA 4:15 PM:\n100- 102\n--------------------------------\nJugadas: 2\nTotal: 199.0\n	\N
152	4758893	D0E94DD	100	1	2901	1	3000	t	58	1799	214	1	1647545467	20220317152955	1	2022-03-17 15:29:57.815686	2022-03-17 15:31:07.347172	CARIBEAPUESTAS\nJ-409540634 \nTicket: #4758893\nSerial/S: D0E94DD\nFecha/Hora: 17/03/2022 15:29\n--------------------------------\nANIMALITOS LA RICACHONA 3:45 PM:\n31\n--------------------------------\nJugadas: 1\nTotal: 100.0\n	\N
153	4758894	DD6A6FA	10	1	2901	1	300	t	58	1799	214	1	1647545772	20220317153504	1	2022-03-17 15:35:08.221392	2022-03-17 15:36:12.132962	CARIBEAPUESTAS\nJ-409540634 \nTicket: #4758894\nSerial/S: DD6A6FA\nFecha/Hora: 17/03/2022 15:35\n--------------------------------\nRULETA ACTIVA 4:00 PM:\n1\n--------------------------------\nJugadas: 1\nTotal: 10.0\n	\N
154	4758895	39B0081	10	1	2901	1	0	t	58	1799	214	1	1647545772	20220317153525	1	2022-03-17 15:35:29.314286	2022-03-17 15:36:12.277074	CARIBEAPUESTAS\nJ-409540634 \nTicket: #4758895\nSerial/S: 39B0081\nFecha/Hora: 17/03/2022 15:35\n--------------------------------\nRULETA ACTIVA 4:00 PM:\n2\n--------------------------------\nJugadas: 1\nTotal: 10.0\n	\N
155	4758896	FD94B6E	20	2	2901	1	600	t	58	1799	214	1	1647546187	20220317153719	1	2022-03-17 15:37:22.593804	2022-03-17 15:43:07.556887	CARIBEAPUESTAS\nJ-409540634 \nTicket: #4758896\nSerial/S: FD94B6E\nFecha/Hora: 17/03/2022 15:37\n--------------------------------\nANIMALITOS LA RICACHONA 4:45 PM:\n0- 00\n--------------------------------\nJugadas: 2\nTotal: 20.0\n	\N
156	4758897	FBFA1C2	38	38	2901	1	30	t	58	1799	214	1	1647546896	20220317154937	1	2022-03-17 15:49:43.070274	2022-03-17 15:54:56.65691	CARIBEAPUESTAS\nJ-409540634 \nTicket: #4758897\nSerial/S: FBFA1C2\nFecha/Hora: 17/03/2022 15:49\n--------------------------------\nLA GRANJITA 6:00 PM:\n1- 2- 3- 4- 5- 6- 7- 8- 9- 10- 11- 12- 13- 14- 15- 16- 17- 18- 19- 20- 21- 22- 23- 24- 25- 26- 27- 28- 29- 30- 31- 32- 33- 34- 35- 36- 0- 00\n--------------------------------\nJugadas: 38\nTotal: 38.0\n	\N
157	4758898	63DD39F	30	3	2901	1	300	t	58	1799	214	1	1647547545	20220317160051	1	2022-03-17 16:00:54.61367	2022-03-17 16:05:45.982629	CARIBEAPUESTAS\nJ-409540634 \nTicket: #4758898\nSerial/S: 63DD39F\nFecha/Hora: 17/03/2022 16:00\n--------------------------------\nRULETA ACTIVA 6:00 PM:\n1- 0- 00\n--------------------------------\nJugadas: 3\nTotal: 30.0\n	\N
158	4758899	31665F2	300	3	2901	1	3000	t	58	1799	214	1	1647547672	20220317160733	1	2022-03-17 16:07:35.938389	2022-03-17 16:07:52.145591	CARIBEAPUESTAS\nJ-409540634 \nTicket: #4758899\nSerial/S: 31665F2\nFecha/Hora: 17/03/2022 16:07\n--------------------------------\nANIMALITOS LA RICACHONA 8:45 PM:\n1- 0- 00\n--------------------------------\nJugadas: 3\nTotal: 300.0\n	\N
159	4758900	3F1A9E7	300	3	2901	1	66000	t	58	1799	214	1	1647547850	20220317161009	1	2022-03-17 16:10:12.001921	2022-03-17 16:10:50.778091	CARIBEAPUESTAS\nJ-409540634 \nTicket: #4758900\nSerial/S: 3F1A9E7\nFecha/Hora: 17/03/2022 16:10\n--------------------------------\nLA RICACHONA 7:15 PM:\n00- 000- 001\n--------------------------------\nJugadas: 3\nTotal: 300.0\n	\N
160	4758901	EC81C7E	1	1	2901	1	0	f	58	1799	214	1	\N	20220318134053	1	2022-03-18 13:40:57.253202	2022-03-18 13:40:57.253202	CARIBEAPUESTAS\nJ-409540634 \nTicket: #4758901\nSerial/S: EC81C7E\nFecha/Hora: 18/03/2022 13:40\n--------------------------------\nLA GRANJITA 2:00 PM:\n1\n--------------------------------\nJugadas: 1\nTotal: 1.0\n	\N
161	4758902	F1CFBC0	3800	38	2901	1	3000	t	58	1799	214	1	1647638541	20220318171532	14	2022-03-18 17:15:38.600725	2022-03-18 17:22:21.611593	CARIBEAPUESTAS\nJ-409540634 \nTicket: #4758902\nSerial/S: F1CFBC0\nFecha/Hora: 18/03/2022 17:15\n--------------------------------\nLA GRANJITA 6:00 PM:\n1- 2- 3- 4- 5- 6- 7- 8- 9- 10- 11- 12- 13- 14- 15- 16- 17- 18- 19- 20- 21- 22- 23- 24- 25- 26- 27- 28- 29- 30- 31- 32- 33- 34- 35- 36- 0- 00\n--------------------------------\nJugadas: 38\nTotal: 3800.0\n	\N
162	4758903	ADCB794	1	1	2901	1	30	t	58	1799	214	1	1648043807	20220323094516	14	2022-03-23 09:45:19.310322	2022-03-23 09:56:47.382395	CARIBEAPUESTAS\nJ-409540634 \nTicket: #4758903\nSerial/S: ADCB794\nFecha/Hora: 23/03/2022 09:45\n--------------------------------\nLA GRANJITA 10:00 AM:\n1\n--------------------------------\nJugadas: 1\nTotal: 1.0\n	\N
163	4758904	7E8215C	1	1	2901	1	0	f	58	1799	214	1	\N	20220323101635	14	2022-03-23 10:16:37.756567	2022-03-23 10:16:37.756567	CARIBEAPUESTAS\nJ-409540634 \nTicket: #4758904\nSerial/S: 7E8215C\nFecha/Hora: 23/03/2022 10:16\n--------------------------------\nLA GRANJITA  11:00 AM:\n18\n--------------------------------\nJugadas: 1\nTotal: 1.0\n	\N
164	4758905	9423A76	1	1	2901	1	0	f	58	1799	214	1	\N	20220323102750	14	2022-03-23 10:27:52.880142	2022-03-23 10:27:52.880142	CARIBEAPUESTAS\nJ-409540634 \nTicket: #4758905\nSerial/S: 9423A76\nFecha/Hora: 23/03/2022 10:27\n--------------------------------\nLA GRANJITA  11:00 AM:\n5\n--------------------------------\nJugadas: 1\nTotal: 1.0\n	\N
165	4758906	0B737B7	1	1	2901	1	30	t	58	1799	214	1	1648046458	20220323103229	14	2022-03-23 10:32:32.087637	2022-03-23 10:40:58.681172	CARIBEAPUESTAS\nJ-409540634 \nTicket: #4758906\nSerial/S: 0B737B7\nFecha/Hora: 23/03/2022 10:32\n--------------------------------\nLA GRANJITA  11:00 AM:\n14\n--------------------------------\nJugadas: 1\nTotal: 1.0\n	\N
166	4758907	6AEF53B	3	3	2901	1	30	t	58	1799	214	1	1648046806	20220323104351	14	2022-03-23 10:43:54.383306	2022-03-23 10:46:46.732263	CARIBEAPUESTAS\nJ-409540634 \nTicket: #4758907\nSerial/S: 6AEF53B\nFecha/Hora: 23/03/2022 10:43\n--------------------------------\nLA GRANJITA  11:00 AM:\n1- 2- 3\n--------------------------------\nJugadas: 3\nTotal: 3.0\n	\N
167	4758908	09C3B58	3	3	2901	1	30	t	58	1799	214	1	1648047204	20220323105148	14	2022-03-23 10:51:50.660062	2022-03-23 10:53:24.387745	CARIBEAPUESTAS\nJ-409540634 \nTicket: #4758908\nSerial/S: 09C3B58\nFecha/Hora: 23/03/2022 10:51\n--------------------------------\nLA GRANJITA  11:00 AM:\n36- 0- 00\n--------------------------------\nJugadas: 3\nTotal: 3.0\n	\N
168	4758909	A99ABA7	3	3	2901	1	30	t	58	1799	214	1	1648048333	20220323111026	14	2022-03-23 11:10:29.09629	2022-03-23 11:12:13.304504	CARIBEAPUESTAS\nJ-409540634 \nTicket: #4758909\nSerial/S: A99ABA7\nFecha/Hora: 23/03/2022 11:10\n--------------------------------\nLA GRANJITA 12:00 PM:\n1- 2- 3\n--------------------------------\nJugadas: 3\nTotal: 3.0\n	\N
169	4758910	F8292E9	300	3	2901	1	3000	t	58	1799	214	1	1648049882	20220323112626	14	2022-03-23 11:26:28.690295	2022-03-23 11:38:02.012201	CARIBEAPUESTAS\nJ-409540634 \nTicket: #4758910\nSerial/S: F8292E9\nFecha/Hora: 23/03/2022 11:26\n--------------------------------\nLA GRANJITA 12:00 PM:\n1- 2- 3\n--------------------------------\nJugadas: 3\nTotal: 300.0\n	\N
170	4758911	A56086F	300	3	2901	1	3000	t	58	1799	214	1	1648049882	20220323113021	14	2022-03-23 11:30:23.802119	2022-03-23 11:38:02.167885	CARIBEAPUESTAS\nJ-409540634 \nTicket: #4758911\nSerial/S: A56086F\nFecha/Hora: 23/03/2022 11:30\n--------------------------------\nLA GRANJITA 12:00 PM:\n1- 2- 3\n--------------------------------\nJugadas: 3\nTotal: 300.0\n	\N
171	4758912	5F3A156	30	30	2901	1	30	t	58	1799	214	1	1648049882	20220323113208	14	2022-03-23 11:32:12.778987	2022-03-23 11:38:02.351835	CARIBEAPUESTAS\nJ-409540634 \nTicket: #4758912\nSerial/S: 5F3A156\nFecha/Hora: 23/03/2022 11:32\n--------------------------------\nLA GRANJITA 12:00 PM:\n1- 2- 3- 4- 5- 6- 7- 8- 9- 10- 11- 12- 13- 14- 15- 16- 17- 18- 19- 20- 21- 22- 23- 24- 25- 26- 27- 28- 29- 30\n--------------------------------\nJugadas: 30\nTotal: 30.0\n	\N
172	4758913	1FAC01C	2979	30	2901	1	0	f	58	1799	214	1	\N	20220323114318	14	2022-03-23 11:43:23.119513	2022-03-23 11:43:23.119513	CARIBEAPUESTAS\nJ-409540634 \nTicket: #4758913\nSerial/S: 1FAC01C\nFecha/Hora: 23/03/2022 11:43\n--------------------------------\nLA GRANJITA 12:00 PM:\n1- 2- 3- 4- 5- 6- 7- 8- 9- 10- 11- 12- 13- 14- 15- 16- 17- 18- 19- 20- 21- 22- 23- 24- 25- 26- 27- 28- 29- 30\n--------------------------------\nJugadas: 30\nTotal: 2979.0\n	\N
173	4758914	A36B8F7	25	25	2901	1	0	f	58	1799	214	1	\N	20220323120033	14	2022-03-23 12:00:37.772139	2022-03-23 12:00:37.772139	CARIBEAPUESTAS\nJ-409540634 \nTicket: #4758914\nSerial/S: A36B8F7\nFecha/Hora: 23/03/2022 12:00\n--------------------------------\nLA GRANJITA 1:00 PM:\n1- 2- 3- 4- 5- 6- 7- 8- 9- 10- 11- 12- 13- 14- 15- 16- 17- 18- 19- 20- 21- 22- 23- 24- 25\n--------------------------------\nJugadas: 25\nTotal: 25.0\n	\N
174	4758915	B94A3D1	0.25	1	2901	1	7.5	t	58	1799	214	1	1648052407	20220323121542	14	2022-03-23 12:15:45.094409	2022-03-23 12:20:07.142002	CARIBEAPUESTAS\nJ-409540634 \nTicket: #4758915\nSerial/S: B94A3D1\nFecha/Hora: 23/03/2022 12:15\n--------------------------------\nLA GRANJITA 2:00 PM:\n1\n--------------------------------\nJugadas: 1\nTotal: 0.25\n	\N
175	4758916	DA728E5	27	27	2901	1	0	f	58	1799	214	1	\N	20220323122605	14	2022-03-23 12:26:10.105199	2022-03-23 12:26:10.105199	CARIBEAPUESTAS\nJ-409540634 \nTicket: #4758916\nSerial/S: DA728E5\nFecha/Hora: 23/03/2022 12:26\n--------------------------------\nLA GRANJITA 3:00 PM:\n1- 2- 3- 4- 5- 6- 7- 8- 9- 10- 11- 12- 13- 14- 15- 16- 17- 18- 19- 20- 21- 22- 23- 24- 25- 26- 29\n--------------------------------\nJugadas: 27\nTotal: 27.0\n	\N
177	4758918	DDB7AD5	37	37	2901	1	30	t	58	1799	214	1	1648057777	20220323134424	14	2022-03-23 13:44:29.996902	2022-03-23 13:49:37.694088	CARIBEAPUESTAS\nJ-409540634 \nTicket: #4758918\nSerial/S: DDB7AD5\nFecha/Hora: 23/03/2022 13:44\n--------------------------------\nLOTTO ACTIVO 2:00 P.M:\n1- 2- 3- 4- 5- 6- 7- 8- 9- 10- 11- 12- 13- 14- 15- 16- 17- 18- 19- 20- 21- 22- 23- 24- 25- 26- 27- 28- 29- 30- 31- 32- 33- 34- 35- 0- 00\n--------------------------------\nJugadas: 37\nTotal: 37.0\n	\N
176	4758917	8EA44FF	1	1	2901	1	30	t	58	1799	214	1	1648057777	20220323134419	14	2022-03-23 13:44:22.914734	2022-03-23 13:49:37.811842	CARIBEAPUESTAS\nJ-409540634 \nTicket: #4758917\nSerial/S: 8EA44FF\nFecha/Hora: 23/03/2022 13:44\n--------------------------------\nLOTTO ACTIVO 2:00 P.M:\n1\n--------------------------------\nJugadas: 1\nTotal: 1.0\n	\N
179	4758920	B1FA3A5	380	38	2901	1	0	f	58	1799	214	1	\N	20220323144107	14	2022-03-23 14:41:13.290129	2022-03-23 14:41:13.290129	CARIBEAPUESTAS\nJ-409540634 \nTicket: #4758920\nSerial/S: B1FA3A5\nFecha/Hora: 23/03/2022 14:41\n--------------------------------\nLA GRANJITA 3:00 PM:\n1- 2- 3- 4- 5- 6- 7- 8- 9- 10- 11- 12- 13- 14- 15- 16- 17- 18- 19- 20- 21- 22- 23- 24- 25- 26- 27- 28- 29- 30- 31- 32- 33- 34- 35- 36- 0- 00\n--------------------------------\nJugadas: 38\nTotal: 380.0\n	\N
178	4758919	1C47C4F	1	1	2901	1	30	t	58	1799	214	1	1648061157	20220323143322	14	2022-03-23 14:33:25.115395	2022-03-23 14:45:57.946525	CARIBEAPUESTAS\nJ-409540634 \nTicket: #4758919\nSerial/S: 1C47C4F\nFecha/Hora: 23/03/2022 14:33\n--------------------------------\nLOTTO ACTIVO 3:00P.M:\n1\n--------------------------------\nJugadas: 1\nTotal: 1.0\n	\N
181	4758922	A508E14	38	38	2901	1	0	f	58	1799	214	1	\N	20220323144559	14	2022-03-23 14:46:05.738811	2022-03-23 14:46:05.738811	CARIBEAPUESTAS\nJ-409540634 \nTicket: #4758922\nSerial/S: A508E14\nFecha/Hora: 23/03/2022 14:46\n--------------------------------\nLOTTO ACTIVO 4:00P.M:\n1- 2- 3- 4- 5- 6- 7- 8- 9- 10- 11- 12- 13- 14- 15- 16- 17- 18- 19- 20- 21- 22- 23- 24- 25- 26- 27- 28- 29- 30- 31- 32- 33- 34- 35- 36- 0- 00\n--------------------------------\nJugadas: 38\nTotal: 38.0\n	\N
180	4758921	2A92FE5	1	1	2901	1	30	t	58	1799	214	1	1648061194	20220323144416	14	2022-03-23 14:44:19.373893	2022-03-23 14:46:34.985129	CARIBEAPUESTAS\nJ-409540634 \nTicket: #4758921\nSerial/S: 2A92FE5\nFecha/Hora: 23/03/2022 14:44\n--------------------------------\nLOTTO ACTIVO 4:00P.M:\n1\n--------------------------------\nJugadas: 1\nTotal: 1.0\n	\N
182	4758926	430DFF7	1	1	2901	1	0	f	58	1799	214	1	\N	20220328135710	14	2022-03-28 13:57:13.18178	2022-03-28 13:57:13.18178	CARIBEAPUESTAS\nJ-409540634 \nTicket: #4758926\nSerial/S: 430DFF7\nFecha/Hora: 28/03/2022 13:57\n--------------------------------\nLA GRANJITA 3:00 PM:\n1\n--------------------------------\nJugadas: 1\nTotal: 1.0\n	\N
183	4758927	CD0BBD0	1	1	2901	1	30	t	58	1799	214	1	1648490742	20220328140524	14	2022-03-28 14:05:26.633939	2022-03-28 14:05:43.004635	CARIBEAPUESTAS\nJ-409540634 \nTicket: #4758927\nSerial/S: CD0BBD0\nFecha/Hora: 28/03/2022 14:05\n--------------------------------\nLA GRANJITA 4:00 PM:\n2\n--------------------------------\nJugadas: 1\nTotal: 1.0\n	\N
184	4758928	906781C	10	1	2901	1	300	t	58	1799	214	1	1648491021	20220328140952	14	2022-03-28 14:09:55.41168	2022-03-28 14:10:21.635595	CARIBEAPUESTAS\nJ-409540634 \nTicket: #4758928\nSerial/S: 906781C\nFecha/Hora: 28/03/2022 14:09\n--------------------------------\nLA GRANJITA 5:00 PM:\n10\n--------------------------------\nJugadas: 1\nTotal: 10.0\n	\N
185	4758929	52E3A36	10	1	2901	1	300	t	58	1799	214	1	1648491459	20220328141139	14	2022-03-28 14:11:42.537394	2022-03-28 14:17:39.864044	CARIBEAPUESTAS\nJ-409540634 \nTicket: #4758929\nSerial/S: 52E3A36\nFecha/Hora: 28/03/2022 14:11\n--------------------------------\nRULETA ACTIVA 3:00 PM:\n1\n--------------------------------\nJugadas: 1\nTotal: 10.0\n	\N
186	4758930	258E404	3	3	2901	1	60	t	58	1799	214	1	1648494128	20220328150031	14	2022-03-28 15:00:34.396053	2022-03-28 15:02:08.314446	CARIBEAPUESTAS\nJ-409540634 \nTicket: #4758930\nSerial/S: 258E404\nFecha/Hora: 28/03/2022 15:00\n--------------------------------\nLA RUCA VZLA 3:15 PM:\n49- 50- 51\n--------------------------------\nJugadas: 3\nTotal: 3.0\n	\N
187	4758931	A5CCF39	0.5	1	2901	1	15	t	58	1799	214	1	1648567473	20220329112411	14	2022-03-29 11:24:14.688779	2022-03-29 11:24:33.751907	CARIBEAPUESTAS\nJ-409540634 \nTicket: #4758931\nSerial/S: A5CCF39\nFecha/Hora: 29/03/2022 11:24\n--------------------------------\nLA GRANJITA 12:00 PM:\n1\n--------------------------------\nJugadas: 1\nTotal: 0.5\n	\N
188	4758932	F461BE2	10	10	2901	1	30	t	58	1799	214	1	1648568252	20220329113649	14	2022-03-29 11:36:53.296496	2022-03-29 11:37:32.158957	CARIBEAPUESTAS\nJ-409540634 \nTicket: #4758932\nSerial/S: F461BE2\nFecha/Hora: 29/03/2022 11:36\n--------------------------------\nLA GRANJITA 12:00 PM:\n1- 2- 3- 4- 5- 6- 7- 8- 9- 0\n--------------------------------\nJugadas: 10\nTotal: 10.0\n	\N
189	4758933	9140A20	0.3	3	2901	1	3	t	58	1799	214	1	1648568340	20220329113831	14	2022-03-29 11:38:34.889988	2022-03-29 11:39:00.259251	CARIBEAPUESTAS\nJ-409540634 \nTicket: #4758933\nSerial/S: 9140A20\nFecha/Hora: 29/03/2022 11:38\n--------------------------------\nRULETA ACTIVA 12:00 PM:\n1- 0- 00\n--------------------------------\nJugadas: 3\nTotal: 0.3\n	\N
190	4758934	F71D1B3	0.5	5	2901	1	3	t	58	1799	214	1	1648568455	20220329114025	14	2022-03-29 11:40:28.583344	2022-03-29 11:40:55.429184	CARIBEAPUESTAS\nJ-409540634 \nTicket: #4758934\nSerial/S: F71D1B3\nFecha/Hora: 29/03/2022 11:40\n--------------------------------\nLOTTO ACTIVO 12:00P.M:\n1- 2- 3- 4- 5\n--------------------------------\nJugadas: 5\nTotal: 0.5\n	\N
191	4758935	259AEDE	0.05	1	2901	1	1.5	t	58	1799	214	1	1648579432	20220329120746	14	2022-03-29 12:07:48.925046	2022-03-29 14:43:52.63318	CARIBEAPUESTAS\nJ-409540634 \nTicket: #4758935\nSerial/S: 259AEDE\nFecha/Hora: 29/03/2022 12:07\n--------------------------------\nANIMALITOS LA RICACHONA 12:45 PM:\n1\n--------------------------------\nJugadas: 1\nTotal: 0.05\n	\N
192	4758936	0D4420B	3	3	2901	1	30	t	58	1799	214	1	1648652701	20220330110141	14	2022-03-30 11:01:44.531648	2022-03-30 11:05:01.46238	CARIBEAPUESTAS\nJ-409540634 \nTicket: #4758936\nSerial/S: 0D4420B\nFecha/Hora: 30/03/2022 11:01\n--------------------------------\nLA GRANJITA 12:00 PM:\n1- 2- 3\n--------------------------------\nJugadas: 3\nTotal: 3.0\n	\N
193	4758937	1716F51	4	4	2901	1	30	t	58	1799	214	1	1648652949	20220330110832	14	2022-03-30 11:08:35.678105	2022-03-30 11:09:09.368567	CARIBEAPUESTAS\nJ-409540634 \nTicket: #4758937\nSerial/S: 1716F51\nFecha/Hora: 30/03/2022 11:08\n--------------------------------\nRULETA ACTIVA 12:00 PM:\n1- 2- 3- 4\n--------------------------------\nJugadas: 4\nTotal: 4.0\n	\N
194	4758960	2739375	20	2	2901	1	0	f	58	1799	214	1	\N	20220503162418	10	2022-05-03 16:24:22.358089	2022-05-03 16:24:22.358089	\nRIF: J-409540634 \nTicket: #4758960\nSerial/S: 2739375\nFecha/Hora: 03/05/2022 16:24\n--------------------------------\nLA GRANJITA 5:00 PM:\n2- 1\n--------------------------------\nJugadas: 2\nTotal: 20.0\n	\N
195	4758961	BF7B301	40	4	2901	1	0	f	58	1799	214	1	\N	20220503162458	10	2022-05-03 16:25:04.56405	2022-05-03 16:25:04.56405	\nRIF: J-409540634 \nTicket: #4758961\nSerial/S: BF7B301\nFecha/Hora: 03/05/2022 16:25\n--------------------------------\nLA GRANJITA 5:00 PM:\n2- 3\nLA GRANJITA 6:00 PM:\n2- 3\n--------------------------------\nJugadas: 4\nTotal: 40.0\n	\N
196	4758969	64F0B9A	160	13	2901	1	0	f	58	1799	214	1	\N	20220503171337	10	2022-05-03 17:13:45.195248	2022-05-03 17:13:45.195248	\nRIF: J-409540634 \nTicket: #4758969\nSerial/S: 64F0B9A\nFecha/Hora: 03/05/2022 17:13\n--------------------------------\nLA GRANJITA 6:00 PM:\n10.00: 1,2,34,35,0,00\n20.00: 3,4,5\nLA GRANJITA 7:00 PM:\n10.00: 34,35,0,00\n--------------------------------\nJugadas: 13\nTotal: 160.0\n	\N
197	4758970	254DB60	170	20	2901	1	0	f	58	1799	214	1	\N	20220503192744	10	2022-05-03 19:27:57.493068	2022-05-03 19:27:57.493068	\nRIF: J-409540634 \nTicket: #4758970\nSerial/S: 254DB60\nFecha/Hora: 03/05/2022 19:27\n--------------------------------\nANIMALITOS LA RICACHONA 7:45 PM:\n10.00: 1,2,3,4,5,6,7,8,9,10\n5.00: 5,15,16,35,0,00\nANIMALITOS LA RICACHONA 8:45 PM:\n10.00: 21,22,23,24\n--------------------------------\nJugadas: 20\nTotal: 170.0\n	\N
198	4758971	D0FB318	170	25	2901	1	0	f	58	1799	214	1	\N	20220503192906	10	2022-05-03 19:30:26.395119	2022-05-03 19:30:26.395119	\nRIF: J-409540634 \nTicket: #4758971\nSerial/S: D0FB318\nFecha/Hora: 03/05/2022 19:29\n--------------------------------\nANIMALITOS LA RICACHONA 7:45 PM:\n5.00: 1,2,3,4,5,6,7,8,9,10,15,16,17,18,19,20\n10.00: 30,31,32,33,34,35,36,0,00\n--------------------------------\nJugadas: 25\nTotal: 170.0\n	\N
199	4758973	F8FAB92	190	17	2901	1	0	f	58	1799	214	1	\N	20220504001851	10	2022-05-04 00:19:08.450279	2022-05-04 00:19:08.450279	\nRIF: J-409540634 \nTicket: #4758973\nSerial/S: F8FAB92\nFecha/Hora: 04/05/2022 00:18\n--------------------------------\nLA GRANJITA  9:00 AM:\n10.00: 1-Carn, 2-Toro, 3-Ciem, 4-Alac, 14-Palo \n 20.00: 0-Ball, 00-Ball\nLA GRANJITA 10:00 AM:\n10.00: 1-Carn, 2-Toro, 3-Ciem, 4-Alac, 14-Palo\nLA GRANJITA  11:00 AM:\n10.00: 1-Carn, 2-Toro, 3-Ciem, 4-Alac, 14-Palo\n--------------------------------\nJugadas: 17\nTotal: 190.0\n	\N
200	4758974	FDCF1DA	158	25	2901	1	0	f	58	1799	214	1	\N	20220504002146	10	2022-05-04 00:21:51.959809	2022-05-04 00:21:51.959809	\nRIF: J-409540634 \nTicket: #4758974\nSerial/S: FDCF1DA\nFecha/Hora: 04/05/2022 00:21\n--------------------------------\nLA GRANJITA  9:00 AM:\n10.00: 11-Gat, 12-Cab, 13-Mon \n 20.00: 35-Jir, 36-Cul \n 15.00: 28-Zam \n 1.00: 26-Vac, 27-Per, 28-Zam, 29-Ele, 30-Cai, 31-Lap, 32-Ard, 33-pes, 34-Ven, 35-Jir, 36-Cul, 0-Bal, 00-Bal--------------------------------\nLA GRANJITA 6:00 PM:\n10.00: 11-Gat, 12-Cab, 13-Mon--------------------------------\nRULETA ACTIVA 9:00 AM:\n10.00: 11-Gat, 12-Cab, 13-Mon--------------------------------\n--------------------------------\nJugadas: 25\nTotal: 158.0\n	\N
201	4758975	BC9BBC0	153	24	2901	1	0	f	58	1799	214	1	\N	20220504002245	10	2022-05-04 00:22:50.243777	2022-05-04 00:22:50.243777	\nRIF: J-409540634 \nTicket: #4758975\nSerial/S: BC9BBC0\nFecha/Hora: 04/05/2022 00:22\n--------------------------------\nLA GRANJITA  9:00 AM:\n1.00: 1-Car, 2-Tor, 3-Cie, 4-Ala, 5-Leo, 6-Ran, 7-Per, 8-Rat, 9-Agu, 10-Tig, 18-Bur, 19-Chi, 20-Coc \n 20.00: 1-Car, 31-Lap, 33-pes\n--------------------------------\nLA GRANJITA 10:00 AM:\n10.00: 26-Vac, 27-Per, 35-Jir, 36-Cul\n--------------------------------\nLA GRANJITA  11:00 AM:\n10.00: 26-Vac, 27-Per, 35-Jir, 36-Cul\n--------------------------------\n--------------------------------\nJugadas: 24\nTotal: 153.0\n	\N
202	4758977	034E698	10	1	2901	1	0	f	58	1799	214	1	\N	20220504003856	10	2022-05-04 00:39:07.621943	2022-05-04 00:39:07.621943	\nRIF: J-409540634 \nTicket: #4758977\nSerial/S: 034E698\nFecha/Hora: 04/05/2022 00:39\n--------------------------------\nLA RICACHONA 9:15 AM:\n10.00: 00-Bal\n--------------------------------\nJugadas: 1\nTotal: 10.0\n	\N
203	4758979	91CD884	20	2	2901	1	0	f	58	1799	214	1	\N	20220504004045	10	2022-05-04 00:40:51.00618	2022-05-04 00:40:51.00618	\nRIF: J-409540634 \nTicket: #4758979\nSerial/S: 91CD884\nFecha/Hora: 04/05/2022 00:40\n--------------------------------\nLA RICACHONA 9:15 AM:\n10.00: 00-Bal, 01-Car\n--------------------------------\nJugadas: 2\nTotal: 20.0\n	\N
204	4758982	34D3791	20	2	2901	1	0	f	58	1799	214	1	\N	20220504004354	10	2022-05-04 00:44:01.162745	2022-05-04 00:44:01.162745	\nRIF: J-409540634 \nTicket: #4758982\nSerial/S: 34D3791\nFecha/Hora: 04/05/2022 00:43\n--------------------------------\nLA RICACHONA 9:15 AM:\n10.00: 00, 001\n--------------------------------\nJugadas: 2\nTotal: 20.0\n	\N
\.


--
-- Name: award_details_id_seq; Type: SEQUENCE SET; Schema: public; Owner: postgres
--

SELECT pg_catalog.setval('public.award_details_id_seq', 384, true);


--
-- Name: awards_id_seq; Type: SEQUENCE SET; Schema: public; Owner: postgres
--

SELECT pg_catalog.setval('public.awards_id_seq', 100, true);


--
-- Name: bets_id_seq; Type: SEQUENCE SET; Schema: public; Owner: postgres
--

SELECT pg_catalog.setval('public.bets_id_seq', 2573, true);


--
-- Name: integrators_id_seq; Type: SEQUENCE SET; Schema: public; Owner: postgres
--

SELECT pg_catalog.setval('public.integrators_id_seq', 4, true);


--
-- Name: lottery_setups_id_seq; Type: SEQUENCE SET; Schema: public; Owner: postgres
--

SELECT pg_catalog.setval('public.lottery_setups_id_seq', 1, true);


--
-- Name: players_id_seq; Type: SEQUENCE SET; Schema: public; Owner: postgres
--

SELECT pg_catalog.setval('public.players_id_seq', 15, true);


--
-- Name: products_id_seq; Type: SEQUENCE SET; Schema: public; Owner: postgres
--

SELECT pg_catalog.setval('public.products_id_seq', 9, true);


--
-- Name: tickets_id_seq; Type: SEQUENCE SET; Schema: public; Owner: postgres
--

SELECT pg_catalog.setval('public.tickets_id_seq', 204, true);


--
-- Name: ar_internal_metadata ar_internal_metadata_pkey; Type: CONSTRAINT; Schema: public; Owner: postgres
--

ALTER TABLE ONLY public.ar_internal_metadata
    ADD CONSTRAINT ar_internal_metadata_pkey PRIMARY KEY (key);


--
-- Name: award_details award_details_pkey; Type: CONSTRAINT; Schema: public; Owner: postgres
--

ALTER TABLE ONLY public.award_details
    ADD CONSTRAINT award_details_pkey PRIMARY KEY (id);


--
-- Name: awards awards_pkey; Type: CONSTRAINT; Schema: public; Owner: postgres
--

ALTER TABLE ONLY public.awards
    ADD CONSTRAINT awards_pkey PRIMARY KEY (id);


--
-- Name: bets bets_pkey; Type: CONSTRAINT; Schema: public; Owner: postgres
--

ALTER TABLE ONLY public.bets
    ADD CONSTRAINT bets_pkey PRIMARY KEY (id);


--
-- Name: integrators integrators_pkey; Type: CONSTRAINT; Schema: public; Owner: postgres
--

ALTER TABLE ONLY public.integrators
    ADD CONSTRAINT integrators_pkey PRIMARY KEY (id);


--
-- Name: lottery_setups lottery_setups_pkey; Type: CONSTRAINT; Schema: public; Owner: postgres
--

ALTER TABLE ONLY public.lottery_setups
    ADD CONSTRAINT lottery_setups_pkey PRIMARY KEY (id);


--
-- Name: players players_pkey; Type: CONSTRAINT; Schema: public; Owner: postgres
--

ALTER TABLE ONLY public.players
    ADD CONSTRAINT players_pkey PRIMARY KEY (id);


--
-- Name: products products_pkey; Type: CONSTRAINT; Schema: public; Owner: postgres
--

ALTER TABLE ONLY public.products
    ADD CONSTRAINT products_pkey PRIMARY KEY (id);


--
-- Name: schema_migrations schema_migrations_pkey; Type: CONSTRAINT; Schema: public; Owner: postgres
--

ALTER TABLE ONLY public.schema_migrations
    ADD CONSTRAINT schema_migrations_pkey PRIMARY KEY (version);


--
-- Name: tickets tickets_pkey; Type: CONSTRAINT; Schema: public; Owner: postgres
--

ALTER TABLE ONLY public.tickets
    ADD CONSTRAINT tickets_pkey PRIMARY KEY (id);


--
-- Name: index_award_details_on_award_id; Type: INDEX; Schema: public; Owner: postgres
--

CREATE INDEX index_award_details_on_award_id ON public.award_details USING btree (award_id);


--
-- Name: index_bets_on_player_id; Type: INDEX; Schema: public; Owner: postgres
--

CREATE INDEX index_bets_on_player_id ON public.bets USING btree (player_id);


--
-- Name: index_bets_on_ticket_id; Type: INDEX; Schema: public; Owner: postgres
--

CREATE INDEX index_bets_on_ticket_id ON public.bets USING btree (ticket_id);


--
-- Name: index_tickets_on_player_id; Type: INDEX; Schema: public; Owner: postgres
--

CREATE INDEX index_tickets_on_player_id ON public.tickets USING btree (player_id);


--
-- Name: tickets fk_rails_1200e400b2; Type: FK CONSTRAINT; Schema: public; Owner: postgres
--

ALTER TABLE ONLY public.tickets
    ADD CONSTRAINT fk_rails_1200e400b2 FOREIGN KEY (player_id) REFERENCES public.players(id);


--
-- Name: bets fk_rails_5be81103bc; Type: FK CONSTRAINT; Schema: public; Owner: postgres
--

ALTER TABLE ONLY public.bets
    ADD CONSTRAINT fk_rails_5be81103bc FOREIGN KEY (ticket_id) REFERENCES public.tickets(id);


--
-- Name: bets fk_rails_f260dbc57f; Type: FK CONSTRAINT; Schema: public; Owner: postgres
--

ALTER TABLE ONLY public.bets
    ADD CONSTRAINT fk_rails_f260dbc57f FOREIGN KEY (player_id) REFERENCES public.players(id);


--
-- PostgreSQL database dump complete
--

